timestamp,day,hour_of_day,temperature_C,humidity_pct,wind_speed_ms,ref_pm25,ref_pm10,sensor1_pm10,sensor2_pm10,sensor3_pm10,site
2022-04-01 00:00:00,0.0,0.0,5.555555555555555,43.0,0.6173328,2.3,8.0,0.81,0.17,0.36,HW
2022-04-01 01:00:00,0.0417,1.0,5.555555555555555,42.0,1.1317768000000001,2.4,5.0,0.96,0.18,0.4,HW
2022-04-01 02:00:00,0.0833,2.0,4.444444444444445,46.0,1.1317768000000001,2.9,10.0,1.18,0.3,0.69,HW
2022-04-01 03:00:00,0.125,3.0,3.3333333333333335,52.0,0.6687772000000001,2.7,3.0,1.12,0.23,0.61,HW
2022-04-01 04:00:00,0.1667,4.0,2.2222222222222223,56.0,0.771666,3.0,11.0,1.34,0.41,0.94,HW
2022-04-01 05:00:00,0.2083,5.0,1.6666666666666667,60.0,0.9259992,3.2,5.0,1.84,0.49,1.04,HW
2022-04-01 06:00:00,0.25,6.0,1.6666666666666667,60.0,1.4404432,3.5,12.0,2.25,0.78,1.48,HW
2022-04-01 07:00:00,0.2917,7.0,1.1111111111111112,63.0,1.1832212,5.3,16.0,3.82,1.74,2.67,HW
2022-04-01 08:00:00,0.3333,8.0,0.5555555555555556,65.0,0.9774436,5.7,16.0,3.89,1.7,2.66,HW
2022-04-01 09:00:00,0.375,9.0,3.3333333333333335,55.0,1.3889988000000002,5.7,7.0,4.13,2.34,3.13,HW
2022-04-01 10:00:00,0.4167,10.0,5.555555555555555,47.0,1.4918876,8.4,24.0,6.39,4.59,5.54,HW
2022-04-01 11:00:00,0.4583,11.0,7.222222222222222,41.0,1.1832212,7.3,24.0,4.89,3.85,4.83,HW
2022-04-01 12:00:00,0.5,12.0,9.444444444444445,33.0,1.2346656,8.2,18.0,6.29,4.67,5.59,HW
2022-04-01 13:00:00,0.5417,13.0,10.555555555555555,29.0,1.9034428,8.1,19.0,5.92,5.01,5.64,HW
2022-04-01 14:00:00,0.5833,14.0,11.666666666666666,26.0,2.0063316,8.3,11.0,6.04,5.9,6.32,HW
2022-04-01 15:00:00,0.625,15.0,12.777777777777779,23.0,1.5947764,8.7,22.0,6.83,6.8,7.05,HW
2022-04-01 16:00:00,0.6667,16.0,13.333333333333334,24.0,2.6751088000000003,8.9,26.0,7.33,7.31,7.67,HW
2022-04-01 17:00:00,0.7083,17.0,13.333333333333334,25.0,2.8808864,6.4,24.0,5.31,5.13,5.59,HW
2022-04-01 18:00:00,0.75,18.0,13.88888888888889,24.0,3.4467748,4.7,12.0,3.81,3.08,3.74,HW
2022-04-01 19:00:00,0.7917,19.0,13.88888888888889,24.0,3.1381083999999997,4.1,19.0,2.37,1.49,2.17,HW
2022-04-01 20:00:00,0.8333,20.0,12.777777777777779,25.0,2.5207756000000003,5.4,19.0,4.19,2.89,3.6,HW
2022-04-01 21:00:00,0.875,21.0,11.11111111111111,27.0,1.1317768000000001,6.6,21.0,6.86,4.87,5.77,HW
2022-04-01 22:00:00,0.9167,22.0,9.444444444444445,34.0,1.2346656,6.0,6.0,7.01,4.72,6.05,HW
2022-04-01 23:00:00,0.9583,23.0,8.333333333333334,36.0,1.543332,8.0,19.0,9.66,7.05,8.4,HW
2022-04-02 00:00:00,1.0,0.0,7.777777777777778,39.0,0.9774436,8.1,26.0,9.73,6.65,8.1,HW
2022-04-02 01:00:00,1.0417,1.0,6.666666666666667,43.0,1.3889988000000002,5.0,16.0,4.96,3.12,3.86,HW
2022-04-02 02:00:00,1.0833,2.0,7.222222222222222,37.0,1.28611,6.5,14.0,6.6,4.34,5.47,HW
2022-04-02 03:00:00,1.125,3.0,6.111111111111111,43.0,1.028888,6.4,12.0,5.66,3.69,4.66,HW
2022-04-02 04:00:00,1.1667,4.0,5.0,47.0,0.8231104,6.0,13.0,4.67,2.85,4.1,HW
2022-04-02 05:00:00,1.2083,5.0,3.888888888888889,53.0,0.514444,5.8,9.0,4.41,2.44,3.26,HW
2022-04-02 06:00:00,1.25,6.0,4.444444444444445,49.0,0.8745548,5.3,13.0,3.62,1.94,2.74,HW
2022-04-02 07:00:00,1.2917,7.0,4.444444444444445,53.0,0.7202216,7.3,18.0,5.57,2.78,3.97,HW
2022-04-02 08:00:00,1.3333,8.0,3.3333333333333335,57.0,0.514444,7.8,16.0,5.97,3.73,4.61,HW
2022-04-02 09:00:00,1.375,9.0,6.666666666666667,47.0,0.514444,7.9,14.0,5.74,4.2,5.22,HW
2022-04-02 10:00:00,1.4167,10.0,9.444444444444445,42.0,1.1832212,8.6,18.0,4.92,4.0,4.41,HW
2022-04-02 11:00:00,1.4583,11.0,12.222222222222221,35.0,1.800554,9.4,13.0,5.36,4.42,4.83,HW
2022-04-02 12:00:00,1.5,12.0,14.444444444444445,29.0,1.1832212,9.3,14.0,5.47,4.37,4.8,HW
2022-04-02 13:00:00,1.5417,13.0,15.555555555555555,26.0,1.7491096,7.8,13.0,4.11,3.14,3.82,HW
2022-04-02 14:00:00,1.5833,14.0,16.666666666666668,24.0,1.9548872,5.6,8.0,1.76,1.02,1.41,HW
2022-04-02 15:00:00,1.625,15.0,17.22222222222222,19.0,3.2409972,8.2,16.0,4.79,5.16,5.47,HW
2022-04-02 16:00:00,1.6667,16.0,17.77777777777778,18.0,3.7554412,5.2,14.0,2.05,1.09,1.35,HW
2022-04-02 17:00:00,1.7083,17.0,18.333333333333332,17.0,2.6751088000000003,3.9,12.0,1.03,0.34,0.57,HW
2022-04-02 18:00:00,1.75,18.0,18.333333333333332,18.0,3.343886,4.0,14.0,1.39,0.59,0.75,HW
2022-04-02 19:00:00,1.7917,19.0,17.77777777777778,18.0,2.7779976000000004,4.9,17.0,1.96,0.92,1.29,HW
2022-04-02 20:00:00,1.8333,20.0,17.22222222222222,19.0,1.8519984,6.0,13.0,2.92,1.43,2.02,HW
2022-04-02 21:00:00,1.875,21.0,15.0,26.0,2.314998,7.2,26.0,4.25,2.54,3.41,HW
2022-04-02 22:00:00,1.9167,22.0,13.333333333333334,33.0,2.4178868000000002,7.2,26.0,3.66,2.33,3.17,HW
2022-04-02 23:00:00,1.9583,23.0,12.222222222222221,30.0,2.4693312,7.6,25.0,4.04,2.3,3.16,HW
2022-04-03 00:00:00,2.0,0.0,10.0,29.0,2.6236644,6.9,23.0,4.18,2.11,2.69,HW
2022-04-03 01:00:00,2.0417,1.0,8.333333333333334,35.0,1.1832212,6.9,26.0,5.88,3.87,4.97,HW
2022-04-03 02:00:00,2.0833,2.0,7.222222222222222,36.0,0.9259992,5.5,20.0,4.2,2.15,3.0,HW
2022-04-03 03:00:00,2.125,3.0,6.666666666666667,44.0,0.5658884000000001,7.2,15.0,8.39,6.52,7.84,HW
2022-04-03 04:00:00,2.1667,4.0,5.555555555555555,48.0,0.8231104,6.1,12.0,5.24,3.55,4.4,HW
2022-04-03 05:00:00,2.2083,5.0,5.555555555555555,50.0,0.3601108,5.5,11.0,3.52,1.66,2.38,HW
2022-04-03 06:00:00,2.25,6.0,4.444444444444445,54.0,0.8231104,6.9,11.0,5.74,2.81,3.84,HW
2022-04-03 07:00:00,2.2917,7.0,3.888888888888889,56.0,0.7202216,6.7,14.0,4.8,2.1,3.25,HW
2022-04-03 08:00:00,2.3333,8.0,3.3333333333333335,51.0,1.1832212,6.3,10.0,4.45,2.06,3.08,HW
2022-04-03 09:00:00,2.375,9.0,5.555555555555555,41.0,0.8231104,7.7,26.0,6.18,3.53,4.69,HW
2022-04-03 10:00:00,2.4167,10.0,7.777777777777778,35.0,1.28611,7.5,13.0,5.26,3.55,4.49,HW
2022-04-03 11:00:00,2.4583,11.0,10.0,29.0,1.028888,6.3,18.0,3.9,2.4,2.77,HW
2022-04-03 12:00:00,2.5,12.0,11.666666666666666,23.0,1.3889988000000002,6.4,10.0,4.23,2.84,3.24,HW
2022-04-03 13:00:00,2.5417,13.0,12.777777777777779,20.0,1.4918876,6.6,14.0,4.06,3.04,3.48,HW
2022-04-03 14:00:00,2.5833,14.0,14.444444444444445,17.0,1.8519984,6.4,10.0,3.6,2.45,2.84,HW
2022-04-03 15:00:00,2.625,15.0,15.0,17.0,2.8808864,5.7,10.0,3.4,2.27,2.46,HW
2022-04-03 16:00:00,2.6667,16.0,15.0,16.0,2.9837752,5.4,13.0,3.34,2.15,2.56,HW
2022-04-03 17:00:00,2.7083,17.0,15.555555555555555,16.0,2.9837752,5.3,14.0,3.31,2.3,2.57,HW
2022-04-03 18:00:00,2.75,18.0,16.11111111111111,15.0,2.8808864,5.1,16.0,3.96,2.34,2.81,HW
2022-04-03 19:00:00,2.7917,19.0,16.11111111111111,15.0,2.5207756000000003,4.8,21.0,3.5,1.84,2.54,HW
2022-04-03 20:00:00,2.8333,20.0,15.0,17.0,2.4178868000000002,6.1,15.0,4.55,2.12,3.08,HW
2022-04-03 21:00:00,2.875,21.0,12.777777777777779,16.0,1.3889988000000002,7.6,21.0,9.0,6.07,7.14,HW
2022-04-03 22:00:00,2.9167,22.0,10.0,23.0,0.8745548,5.7,25.0,5.77,2.84,3.6,HW
2022-04-03 23:00:00,2.9583,23.0,8.88888888888889,27.0,1.543332,6.0,18.0,5.31,1.91,2.99,HW
2022-04-04 00:00:00,3.0,0.0,8.333333333333334,29.0,1.7491096,6.3,18.0,5.46,2.2,3.45,HW
2022-04-04 01:00:00,3.0417,1.0,7.777777777777778,29.0,1.2346656,6.0,12.0,5.12,2.27,3.21,HW
2022-04-04 02:00:00,3.0833,2.0,7.222222222222222,31.0,1.1317768000000001,5.4,13.0,4.56,1.63,2.45,HW
2022-04-04 03:00:00,3.125,3.0,7.222222222222222,31.0,1.28611,5.8,10.0,4.28,1.97,2.81,HW
2022-04-04 04:00:00,3.1667,4.0,5.555555555555555,35.0,0.7202216,6.8,15.0,5.18,1.93,2.92,HW
2022-04-04 05:00:00,3.2083,5.0,5.555555555555555,35.0,1.1832212,7.3,17.0,5.29,2.12,3.21,HW
2022-04-04 06:00:00,3.25,6.0,4.444444444444445,39.0,0.8231104,8.0,27.0,6.05,2.53,3.71,HW
2022-04-04 07:00:00,3.2917,7.0,3.888888888888889,42.0,0.8745548,8.6,26.0,6.98,2.82,4.19,HW
2022-04-04 08:00:00,3.3333,8.0,3.888888888888889,38.0,1.0803324,10.3,26.0,7.88,3.91,5.05,HW
2022-04-04 09:00:00,3.375,9.0,6.666666666666667,34.0,1.2346656,8.3,36.0,7.63,3.09,4.23,HW
2022-04-04 10:00:00,3.4167,10.0,10.555555555555555,27.0,1.4918876,5.3,28.0,5.02,2.22,2.94,HW
2022-04-04 13:00:00,3.5417,13.0,15.555555555555555,18.0,4.4242184,6.9,24.0,3.61,0.92,1.58,HW
2022-04-04 14:00:00,3.5833,14.0,16.11111111111111,19.0,3.85833,6.3,28.0,2.56,1.08,1.48,HW
2022-04-04 15:00:00,3.625,15.0,16.11111111111111,20.0,3.2924416,5.3,28.0,1.92,0.68,1.25,HW
2022-04-04 16:00:00,3.6667,16.0,15.555555555555555,25.0,3.8068856,4.6,14.0,1.86,0.51,0.9,HW
2022-04-04 17:00:00,3.7083,17.0,15.0,27.0,2.8808864,3.8,11.0,1.46,0.39,0.77,HW
2022-04-04 18:00:00,3.75,18.0,14.444444444444445,32.0,2.2635536000000003,3.6,14.0,1.75,0.33,0.68,HW
2022-04-04 19:00:00,3.7917,19.0,14.444444444444445,34.0,1.7491096,3.8,13.0,1.81,0.6,1.13,HW
2022-04-04 20:00:00,3.8333,20.0,14.444444444444445,35.0,1.543332,4.5,20.0,2.71,1.29,1.82,HW
2022-04-04 21:00:00,3.875,21.0,13.88888888888889,35.0,1.0803324,4.7,20.0,2.74,1.25,1.82,HW
2022-04-04 22:00:00,3.9167,22.0,14.444444444444445,33.0,1.3375544000000001,3.8,19.0,1.76,0.45,0.86,HW
2022-04-04 23:00:00,3.9583,23.0,15.555555555555555,29.0,1.9548872,6.3,39.0,4.52,1.16,2.0,HW
2022-04-05 00:00:00,4.0,0.0,16.11111111111111,33.0,3.086664,5.6,99.0,4.4,0.89,1.62,HW
2022-04-05 01:00:00,4.0417,1.0,14.444444444444445,45.0,2.6236644,4.0,41.0,2.5,0.41,0.83,HW
2022-04-05 02:00:00,4.0833,2.0,13.333333333333334,49.0,2.7779976000000004,3.1,33.0,1.76,0.22,0.55,HW
2022-04-05 03:00:00,4.125,3.0,11.666666666666666,55.0,2.6751088000000003,3.8,39.0,2.25,0.25,0.8,HW
2022-04-05 04:00:00,4.1667,4.0,9.444444444444445,62.0,4.2698852,5.2,37.0,3.1,0.68,1.76,HW
2022-04-05 05:00:00,4.2083,5.0,5.555555555555555,60.0,4.5785516,5.2,36.0,2.74,0.85,2.0,HW
2022-04-05 06:00:00,4.25,6.0,4.444444444444445,64.0,2.2121092,4.2,24.0,3.03,0.74,1.58,HW
2022-04-05 07:00:00,4.2917,7.0,2.7777777777777777,77.0,1.1317768000000001,4.1,20.0,2.94,1.14,1.88,HW
2022-04-05 08:00:00,4.3333,8.0,2.2222222222222223,77.0,1.6462208,4.4,23.0,3.57,1.58,2.78,HW
2022-04-05 09:00:00,4.375,9.0,1.6666666666666667,83.0,1.4918876,3.4,13.0,1.84,0.53,1.01,HW
2022-04-05 10:00:00,4.4167,10.0,1.6666666666666667,65.0,1.543332,3.5,9.0,1.92,0.32,0.88,HW
2022-04-05 11:00:00,4.4583,11.0,2.2222222222222223,65.0,1.9548872,4.5,17.0,2.77,0.89,1.65,HW
2022-04-05 12:00:00,4.5,12.0,3.3333333333333335,53.0,1.5947764,4.9,19.0,2.13,0.56,1.07,HW
2022-04-05 13:00:00,4.5417,13.0,4.444444444444445,38.0,2.6751088000000003,4.7,21.0,1.11,0.19,0.69,HW
2022-04-05 14:00:00,4.5833,14.0,5.555555555555555,29.0,3.8068856,4.0,20.0,0.97,0.15,0.6,HW
2022-04-05 15:00:00,4.625,15.0,6.111111111111111,27.0,4.0126632,4.0,21.0,1.04,0.18,0.42,HW
2022-04-05 16:00:00,4.6667,16.0,6.666666666666667,25.0,4.3213296,3.4,17.0,0.77,0.09,0.37,HW
2022-04-05 17:00:00,4.7083,17.0,7.222222222222222,26.0,4.3213296,2.8,8.0,0.59,0.05,0.4,HW
2022-04-05 18:00:00,4.75,18.0,7.777777777777778,25.0,5.041551200000001,2.9,15.0,0.55,0.09,0.41,HW
2022-04-05 19:00:00,4.7917,19.0,7.222222222222222,25.0,4.9386624,3.2,12.0,0.76,0.08,0.31,HW
2022-04-05 20:00:00,4.8333,20.0,6.666666666666667,26.0,3.9097744,3.1,14.0,0.84,0.21,0.52,HW
2022-04-05 21:00:00,4.875,21.0,5.0,30.0,2.9837752,4.1,11.0,1.22,0.26,0.64,HW
2022-04-05 22:00:00,4.9167,22.0,4.444444444444445,30.0,2.5207756000000003,3.0,19.0,0.94,0.12,0.41,HW
2022-04-05 23:00:00,4.9583,23.0,3.888888888888889,30.0,1.7491096,2.6,11.0,0.51,0.08,0.31,HW
2022-04-06 00:00:00,5.0,0.0,2.7777777777777777,34.0,0.9259992,3.2,12.0,1.53,0.46,0.88,HW
2022-04-06 01:00:00,5.0417,1.0,1.6666666666666667,39.0,1.028888,3.0,7.0,1.51,0.49,0.91,HW
2022-04-06 02:00:00,5.0833,2.0,1.1111111111111112,42.0,1.0803324,2.8,5.0,1.22,0.28,0.74,HW
2022-04-06 03:00:00,5.125,3.0,1.1111111111111112,42.0,1.1832212,2.7,9.0,1.25,0.22,0.64,HW
2022-04-06 04:00:00,5.1667,4.0,-0.5555555555555556,49.0,0.6173328,2.7,11.0,1.42,0.36,0.91,HW
2022-04-06 05:00:00,5.2083,5.0,-1.6666666666666667,56.0,0.5658884000000001,2.9,2.0,1.67,0.34,1.03,HW
2022-04-06 06:00:00,5.25,6.0,-2.2222222222222223,59.0,0.5658884000000001,3.6,11.0,2.49,0.83,1.87,HW
2022-04-06 07:00:00,5.2917,7.0,-2.7777777777777777,64.0,0.514444,5.0,16.0,4.29,1.86,3.06,HW
2022-04-06 08:00:00,5.3333,8.0,-2.2222222222222223,62.0,0.514444,6.0,21.0,5.12,3.37,4.19,HW
2022-04-06 09:00:00,5.375,9.0,1.6666666666666667,45.0,0.514444,3.9,15.0,2.53,1.46,2.02,HW
2022-04-06 10:00:00,5.4167,10.0,3.888888888888889,30.0,1.28611,2.8,11.0,1.12,0.37,0.7,HW
2022-04-06 11:00:00,5.4583,11.0,5.0,25.0,2.7779976000000004,2.0,7.0,0.52,0.11,0.27,HW
2022-04-06 12:00:00,5.5,12.0,5.0,23.0,3.4982192,1.7,10.0,0.35,0.08,0.2,HW
2022-04-06 13:00:00,5.5417,13.0,6.111111111111111,21.0,3.4467748,1.5,2.0,0.31,0.04,0.14,HW
2022-04-06 14:00:00,5.5833,14.0,6.666666666666667,20.0,3.086664,1.7,4.0,0.41,0.1,0.14,HW
2022-04-06 15:00:00,5.625,15.0,7.222222222222222,21.0,3.2924416,2.0,10.0,0.61,0.14,0.37,HW
2022-04-06 16:00:00,5.6667,16.0,7.777777777777778,21.0,2.2635536000000003,2.2,4.0,0.78,0.4,0.76,HW
2022-04-06 17:00:00,5.7083,17.0,8.333333333333334,21.0,2.9837752,4.7,18.0,5.49,4.99,5.74,HW
2022-04-06 18:00:00,5.75,18.0,8.333333333333334,21.0,2.8808864,6.8,13.0,8.52,7.94,8.68,HW
2022-04-06 19:00:00,5.7917,19.0,8.88888888888889,20.0,2.2121092,8.1,11.0,9.46,7.38,8.57,HW
2022-04-06 20:00:00,5.8333,20.0,8.333333333333334,22.0,1.800554,4.1,14.0,3.76,2.53,3.41,HW
2022-04-06 21:00:00,5.875,21.0,6.666666666666667,25.0,0.8231104,3.5,13.0,2.36,1.09,1.8,HW
2022-04-06 22:00:00,5.9167,22.0,5.0,32.0,1.3889988000000002,3.2,13.0,2.44,0.99,1.65,HW
2022-04-06 23:00:00,5.9583,23.0,3.888888888888889,34.0,1.28611,3.1,8.0,2.61,1.15,1.85,HW
2022-04-07 00:00:00,6.0,0.0,3.888888888888889,35.0,1.3889988000000002,4.2,11.0,4.42,2.3,3.24,HW
2022-04-07 01:00:00,6.0417,1.0,2.7777777777777777,37.0,1.3375544000000001,5.2,11.0,5.1,2.99,4.08,HW
2022-04-07 02:00:00,6.0833,2.0,1.6666666666666667,41.0,1.0803324,5.0,10.0,5.27,2.23,3.35,HW
2022-04-07 03:00:00,6.125,3.0,1.6666666666666667,41.0,1.1832212,3.9,4.0,3.16,1.31,2.24,HW
2022-04-07 04:00:00,6.1667,4.0,1.1111111111111112,41.0,1.0803324,3.6,10.0,3.38,1.3,2.25,HW
2022-04-07 05:00:00,6.2083,5.0,0.5555555555555556,44.0,0.6173328,4.4,14.0,4.24,1.79,2.79,HW
2022-04-07 06:00:00,6.25,6.0,0.0,45.0,0.8745548,4.9,14.0,5.26,2.77,4.02,HW
2022-04-07 07:00:00,6.2917,7.0,0.0,48.0,0.9259992,6.8,23.0,7.17,3.5,4.72,HW
2022-04-07 08:00:00,6.3333,8.0,0.0,46.0,1.1317768000000001,7.1,18.0,5.7,3.4,4.45,HW
2022-04-07 09:00:00,6.375,9.0,3.888888888888889,34.0,0.514444,8.1,16.0,5.37,3.08,4.21,HW
2022-04-07 10:00:00,6.4167,10.0,6.666666666666667,27.0,0.5658884000000001,8.1,21.0,4.71,3.27,4.12,HW
2022-04-07 11:00:00,6.4583,11.0,8.88888888888889,21.0,1.2346656,10.8,26.0,6.15,5.25,5.65,HW
2022-04-07 12:00:00,6.5,12.0,10.555555555555555,19.0,1.800554,6.5,17.0,3.52,3.04,3.32,HW
2022-04-07 13:00:00,6.5417,13.0,12.222222222222221,18.0,2.5207756000000003,5.6,14.0,2.89,2.65,2.94,HW
2022-04-07 14:00:00,6.5833,14.0,13.333333333333334,16.0,2.6236644,5.4,13.0,3.16,2.81,2.91,HW
2022-04-07 15:00:00,6.625,15.0,13.88888888888889,15.0,2.7779976000000004,5.2,12.0,3.64,3.27,3.71,HW
2022-04-07 16:00:00,6.6667,16.0,14.444444444444445,16.0,2.8808864,5.6,10.0,4.98,4.67,5.3,HW
2022-04-07 17:00:00,6.7083,17.0,15.0,16.0,2.8808864,6.3,18.0,7.04,6.95,7.44,HW
2022-04-07 18:00:00,6.75,18.0,15.555555555555555,17.0,2.8808864,7.0,20.0,8.44,8.18,9.01,HW
2022-04-07 19:00:00,6.7917,19.0,15.555555555555555,20.0,3.0352196000000005,5.6,18.0,5.84,4.77,5.8,HW
2022-04-07 20:00:00,6.8333,20.0,14.444444444444445,21.0,2.1092204,5.5,17.0,5.15,3.48,4.34,HW
2022-04-07 21:00:00,6.875,21.0,12.777777777777779,23.0,1.4918876,8.2,25.0,9.26,6.35,7.48,HW
2022-04-07 22:00:00,6.9167,22.0,10.555555555555555,28.0,0.8231104,6.6,23.0,7.54,5.68,6.72,HW
2022-04-07 23:00:00,6.9583,23.0,8.88888888888889,36.0,0.8231104,6.1,21.0,7.65,5.52,6.58,HW
2022-04-08 00:00:00,7.0,0.0,8.333333333333334,35.0,1.1832212,6.6,13.0,8.72,5.99,7.18,HW
2022-04-08 01:00:00,7.0417,1.0,7.777777777777778,37.0,0.9259992,5.8,15.0,7.55,4.91,6.23,HW
2022-04-08 02:00:00,7.0833,2.0,6.666666666666667,37.0,1.2346656,5.1,16.0,6.67,4.53,5.69,HW
2022-04-08 03:00:00,7.125,3.0,6.111111111111111,38.0,0.8745548,5.8,7.0,7.03,4.07,5.58,HW
2022-04-08 04:00:00,7.1667,4.0,4.444444444444445,44.0,0.8745548,5.8,19.0,6.39,3.06,4.61,HW
2022-04-08 05:00:00,7.2083,5.0,5.0,40.0,1.543332,7.6,15.0,9.38,6.12,7.38,HW
2022-04-08 06:00:00,7.25,6.0,5.0,40.0,1.1317768000000001,7.9,27.0,9.85,5.95,7.43,HW
2022-04-08 07:00:00,7.2917,7.0,3.888888888888889,45.0,0.8231104,9.7,35.0,10.21,6.0,7.64,HW
2022-04-08 08:00:00,7.3333,8.0,3.3333333333333335,49.0,0.4115552,11.5,33.0,13.67,9.56,10.62,HW
2022-04-08 09:00:00,7.375,9.0,7.222222222222222,37.0,0.4629996,9.1,19.0,8.62,6.4,7.57,HW
2022-04-08 10:00:00,7.4167,10.0,10.555555555555555,28.0,0.8231104,8.4,24.0,7.0,5.2,5.87,HW
2022-04-08 11:00:00,7.4583,11.0,13.88888888888889,21.0,0.8745548,8.2,22.0,6.7,5.23,5.62,HW
2022-04-08 12:00:00,7.5,12.0,16.11111111111111,18.0,1.1832212,9.4,22.0,9.78,6.93,7.84,HW
2022-04-08 13:00:00,7.5417,13.0,17.77777777777778,17.0,1.543332,7.6,30.0,6.86,4.95,5.42,HW
2022-04-08 14:00:00,7.5833,14.0,20.0,13.0,1.2346656,6.7,23.0,4.77,2.91,3.25,HW
2022-04-08 15:00:00,7.625,15.0,21.666666666666668,12.0,1.543332,6.3,21.0,4.52,2.31,2.91,HW
2022-04-08 16:00:00,7.6667,16.0,22.22222222222222,11.0,1.6976651999999999,7.1,23.0,4.9,1.98,2.62,HW
2022-04-08 17:00:00,7.7083,17.0,23.333333333333332,9.0,1.5947764,5.7,26.0,4.65,1.28,2.16,HW
2022-04-08 18:00:00,7.75,18.0,23.333333333333332,10.0,2.6236644,5.2,17.0,4.78,1.66,2.31,HW
2022-04-08 19:00:00,7.7917,19.0,23.333333333333332,12.0,2.8294420000000002,4.0,24.0,3.39,1.43,1.82,HW
2022-04-08 20:00:00,7.8333,20.0,22.77777777777778,13.0,2.2635536000000003,4.2,17.0,4.35,2.22,2.56,HW
2022-04-08 21:00:00,7.875,21.0,20.555555555555557,16.0,1.2346656,3.9,23.0,3.75,1.96,2.45,HW
2022-04-08 22:00:00,7.9167,22.0,17.77777777777778,20.0,1.1317768000000001,4.9,21.0,5.23,2.48,3.22,HW
2022-04-08 23:00:00,7.9583,23.0,16.666666666666668,22.0,1.543332,4.5,34.0,4.32,2.11,3.03,HW
2022-04-09 00:00:00,8.0,0.0,16.666666666666668,21.0,1.3375544000000001,6.0,17.0,6.2,4.27,5.11,HW
2022-04-09 01:00:00,8.0417,1.0,16.666666666666668,22.0,0.8745548,5.5,21.0,4.34,2.37,3.27,HW
2022-04-09 02:00:00,8.0833,2.0,17.22222222222222,22.0,1.543332,5.0,24.0,3.59,1.9,2.46,HW
2022-04-09 03:00:00,8.125,3.0,16.11111111111111,24.0,0.9774436,5.2,17.0,4.32,2.58,3.35,HW
2022-04-09 04:00:00,8.1667,4.0,15.0,27.0,0.8745548,4.8,18.0,3.63,2.33,2.92,HW
2022-04-09 05:00:00,8.2083,5.0,13.88888888888889,28.0,1.1317768000000001,9.7,36.0,6.01,2.67,3.72,HW
2022-04-09 06:00:00,8.25,6.0,13.333333333333334,36.0,3.4467748,14.3,140.0,8.02,3.62,4.76,HW
2022-04-09 07:00:00,8.2917,7.0,10.0,45.0,4.1669963999999995,11.5,120.0,7.21,2.47,3.92,HW
2022-04-09 08:00:00,8.3333,8.0,8.333333333333334,46.0,2.7779976000000004,9.7,83.0,5.7,2.23,3.78,HW
2022-04-09 09:00:00,8.375,9.0,8.333333333333334,44.0,3.1381083999999997,8.9,76.0,4.94,2.27,3.12,HW
2022-04-09 10:00:00,8.4167,10.0,9.444444444444445,36.0,3.4467748,7.3,65.0,3.77,1.69,2.8,HW
2022-04-09 11:00:00,8.4583,11.0,9.444444444444445,30.0,3.8068856,7.5,49.0,3.81,1.82,2.44,HW
2022-04-09 12:00:00,8.5,12.0,10.555555555555555,27.0,3.2409972,7.1,38.0,3.32,1.49,2.43,HW
2022-04-09 13:00:00,8.5417,13.0,11.666666666666666,23.0,3.2409972,7.0,38.0,4.07,1.95,2.79,HW
2022-04-09 14:00:00,8.5833,14.0,11.11111111111111,23.0,3.343886,8.1,32.0,7.28,5.91,6.78,HW
2022-04-09 15:00:00,8.625,15.0,10.555555555555555,22.0,3.086664,6.3,26.0,4.85,3.75,4.59,HW
2022-04-09 16:00:00,8.6667,16.0,11.666666666666666,22.0,3.086664,7.1,25.0,6.2,4.43,5.61,HW
2022-04-09 17:00:00,8.7083,17.0,11.11111111111111,20.0,3.3953303999999997,5.7,20.0,4.24,2.55,3.28,HW
2022-04-09 18:00:00,8.75,18.0,10.555555555555555,13.0,3.2924416,3.7,5.0,2.21,0.94,1.42,HW
2022-04-09 19:00:00,8.7917,19.0,10.555555555555555,12.0,2.314998,3.5,11.0,2.11,0.77,1.33,HW
2022-04-09 20:00:00,8.8333,20.0,10.555555555555555,12.0,2.0063316,4.7,16.0,2.98,1.49,2.17,HW
2022-04-09 21:00:00,8.875,21.0,8.88888888888889,17.0,2.314998,4.6,32.0,2.3,0.94,1.6,HW
2022-04-09 22:00:00,8.9167,22.0,7.777777777777778,19.0,3.6525524,4.4,34.0,2.47,0.76,1.59,HW
2022-04-09 23:00:00,8.9583,23.0,6.666666666666667,18.0,3.5496636,3.5,24.0,1.5,0.45,0.91,HW
2022-04-10 00:00:00,9.0,0.0,5.555555555555555,17.0,2.9837752,3.1,14.0,1.85,0.53,1.17,HW
2022-04-10 01:00:00,9.0417,1.0,5.0,21.0,1.9034428,3.7,30.0,2.5,1.01,1.66,HW
2022-04-10 02:00:00,9.0833,2.0,4.444444444444445,23.0,1.8519984,4.2,17.0,2.87,0.95,1.58,HW
2022-04-10 03:00:00,9.125,3.0,3.888888888888889,26.0,1.1832212,3.7,19.0,2.23,0.87,1.53,HW
2022-04-10 04:00:00,9.1667,4.0,3.3333333333333335,30.0,1.4918876,2.7,13.0,1.45,0.45,1.09,HW
2022-04-10 05:00:00,9.2083,5.0,2.7777777777777777,35.0,2.314998,2.5,7.0,1.49,0.44,0.82,HW
2022-04-10 06:00:00,9.25,6.0,2.2222222222222223,35.0,2.3664424,2.6,7.0,1.61,0.33,0.98,HW
2022-04-10 07:00:00,9.2917,7.0,1.1111111111111112,38.0,1.5947764,2.4,2.0,1.23,0.39,0.83,HW
2022-04-10 08:00:00,9.3333,8.0,1.1111111111111112,39.0,2.1092204,2.5,5.0,1.25,0.48,0.89,HW
2022-04-10 09:00:00,9.375,9.0,1.6666666666666667,38.0,2.9837752,3.5,17.0,1.81,0.94,1.54,HW
2022-04-10 10:00:00,9.4167,10.0,2.7777777777777777,34.0,3.2924416,2.6,9.0,0.74,0.14,0.43,HW
2022-04-10 11:00:00,9.4583,11.0,3.3333333333333335,31.0,2.6751088000000003,2.4,6.0,0.83,0.12,0.35,HW
2022-04-10 12:00:00,9.5,12.0,3.888888888888889,28.0,2.2121092,2.3,6.0,0.69,0.13,0.42,HW
2022-04-10 13:00:00,9.5417,13.0,5.555555555555555,23.0,1.8519984,2.2,4.0,0.76,0.11,0.24,HW
2022-04-10 14:00:00,9.5833,14.0,6.111111111111111,20.0,1.8519984,1.9,2.0,0.39,0.09,0.23,HW
2022-04-10 15:00:00,9.625,15.0,7.222222222222222,14.0,2.7265532,2.1,3.0,0.58,0.08,0.34,HW
2022-04-10 16:00:00,9.6667,16.0,7.777777777777778,13.0,1.6976651999999999,2.0,1.0,0.47,0.06,0.2,HW
2022-04-10 17:00:00,9.7083,17.0,8.333333333333334,12.0,1.7491096,1.9,2.0,0.48,0.09,0.3,HW
2022-04-10 18:00:00,9.75,18.0,9.444444444444445,11.0,1.3375544000000001,3.1,5.0,1.49,0.33,0.84,HW
2022-04-10 19:00:00,9.7917,19.0,9.444444444444445,14.0,1.5947764,3.7,13.0,1.94,0.3,0.76,HW
2022-04-10 20:00:00,9.8333,20.0,8.88888888888889,15.0,2.57222,3.8,11.0,1.84,0.41,0.95,HW
2022-04-10 21:00:00,9.875,21.0,8.333333333333334,14.0,1.8519984,4.5,18.0,2.78,1.09,1.51,HW
2022-04-10 22:00:00,9.9167,22.0,7.222222222222222,18.0,1.1832212,4.1,15.0,2.39,0.74,1.24,HW
2022-04-10 23:00:00,9.9583,23.0,6.111111111111111,19.0,0.9774436,3.7,4.0,1.78,0.4,0.96,HW
2022-04-11 00:00:00,10.0,0.0,5.555555555555555,21.0,1.0803324,3.8,6.0,1.88,0.59,1.28,HW
2022-04-11 01:00:00,10.0417,1.0,5.555555555555555,22.0,0.8231104,4.0,10.0,2.02,0.59,1.21,HW
2022-04-11 02:00:00,10.0833,2.0,5.555555555555555,24.0,0.7202216,3.8,20.0,1.46,0.34,0.72,HW
2022-04-11 03:00:00,10.125,3.0,5.555555555555555,24.0,1.1832212,3.7,10.0,1.57,0.3,0.9,HW
2022-04-11 04:00:00,10.1667,4.0,5.0,26.0,1.028888,4.3,9.0,2.07,0.43,1.18,HW
2022-04-11 05:00:00,10.2083,5.0,3.888888888888889,29.0,1.028888,5.0,10.0,3.06,0.77,1.54,HW
2022-04-11 06:00:00,10.25,6.0,2.7777777777777777,33.0,1.2346656,5.0,13.0,2.32,0.51,1.11,HW
2022-04-11 07:00:00,10.2917,7.0,3.888888888888889,29.0,1.28611,6.4,23.0,3.53,1.11,1.75,HW
2022-04-11 08:00:00,10.3333,8.0,4.444444444444445,32.0,1.2346656,7.1,26.0,3.88,1.06,2.13,HW
2022-04-11 09:00:00,10.375,9.0,5.555555555555555,31.0,1.800554,,24.0,4.43,1.16,1.8,HW
2022-04-11 10:00:00,10.4167,10.0,7.222222222222222,27.0,2.1092204,9.4,44.0,4.03,0.87,1.64,HW
2022-04-11 11:00:00,10.4583,11.0,10.0,17.0,4.064107600000001,9.7,62.0,4.26,1.21,1.84,HW
2022-04-11 12:00:00,10.5,12.0,12.777777777777779,12.0,5.916106,11.0,57.0,4.73,0.9,1.6,HW
2022-04-11 13:00:00,10.5417,13.0,13.333333333333334,13.0,4.7843292,13.0,59.0,5.4,1.05,1.79,HW
2022-04-11 14:00:00,10.5833,14.0,15.555555555555555,14.0,4.475662799999999,12.5,63.0,4.24,1.84,2.39,HW
2022-04-11 15:00:00,10.625,15.0,15.555555555555555,19.0,4.5785516,11.7,88.0,3.68,1.74,2.42,HW
2022-04-11 16:00:00,10.6667,16.0,13.333333333333334,22.0,4.7328848,28.4,79.0,11.04,3.26,4.88,HW
2022-04-11 17:00:00,10.7083,17.0,12.777777777777779,27.0,2.6236644,21.0,101.0,6.39,1.9,3.38,HW
2022-04-11 18:00:00,10.75,18.0,11.666666666666666,37.0,3.9097744,8.5,55.0,2.54,0.84,1.51,HW
2022-04-11 19:00:00,10.7917,19.0,8.88888888888889,66.0,4.6814404,5.7,28.0,1.91,0.35,0.82,HW
2022-04-12 06:00:00,11.25,6.0,-1.6666666666666667,70.0,2.2121092,4.2,16.0,1.54,0.16,0.51,HW
2022-04-12 07:00:00,11.2917,7.0,-1.6666666666666667,75.0,1.028888,4.9,25.0,2.66,0.51,1.06,HW
2022-04-12 08:00:00,11.3333,8.0,-1.6666666666666667,76.0,0.8745548,5.7,35.0,3.33,1.18,1.86,HW
2022-04-12 09:00:00,11.375,9.0,-1.1111111111111112,70.0,1.028888,6.7,35.0,3.93,1.67,2.49,HW
2022-04-12 10:00:00,11.4167,10.0,-0.5555555555555556,62.0,1.4918876,3.0,19.0,0.95,0.11,0.36,HW
2022-04-12 11:00:00,11.4583,11.0,0.0,53.0,1.6976651999999999,2.3,11.0,0.6,0.09,0.24,HW
2022-04-12 12:00:00,11.5,12.0,1.1111111111111112,48.0,2.3664424,1.9,4.0,0.31,0.03,0.11,HW
2022-04-12 13:00:00,11.5417,13.0,0.5555555555555556,57.0,3.3953303999999997,2.4,13.0,0.66,0.19,0.64,HW
2022-04-12 14:00:00,11.5833,14.0,0.0,70.0,2.5207756000000003,2.1,5.0,0.71,0.07,0.43,HW
2022-04-12 15:00:00,11.625,15.0,1.6666666666666667,58.0,2.057776,2.0,17.0,0.47,0.09,0.39,HW
2022-04-12 16:00:00,11.6667,16.0,1.1111111111111112,60.0,2.7779976000000004,2.0,9.0,0.46,0.08,0.2,HW
2022-04-12 17:00:00,11.7083,17.0,0.5555555555555556,67.0,1.9548872,2.9,10.0,1.38,0.16,0.54,HW
2022-04-12 18:00:00,11.75,18.0,0.5555555555555556,75.0,2.4178868000000002,3.2,11.0,1.23,0.15,0.59,HW
2022-04-12 19:00:00,11.7917,19.0,0.0,73.0,2.7779976000000004,3.5,14.0,1.36,0.19,0.4,HW
2022-04-12 20:00:00,11.8333,20.0,0.0,67.0,2.4178868000000002,10.6,11.0,6.65,2.11,3.32,HW
2022-04-12 21:00:00,11.875,21.0,0.5555555555555556,65.0,1.6462208,4.3,16.0,1.44,0.38,0.87,HW
2022-04-12 22:00:00,11.9167,22.0,0.0,73.0,2.057776,3.9,7.0,1.21,0.18,0.57,HW
2022-04-12 23:00:00,11.9583,23.0,-0.5555555555555556,74.0,1.1317768000000001,3.6,9.0,1.02,0.11,0.29,HW
2022-04-13 00:00:00,12.0,0.0,-0.5555555555555556,69.0,2.2121092,3.3,3.0,0.59,0.03,0.11,HW
2022-04-13 01:00:00,12.0417,1.0,-0.5555555555555556,61.0,2.2121092,3.0,3.0,0.77,0.11,0.24,HW
2022-04-13 02:00:00,12.0833,2.0,-0.5555555555555556,60.0,0.8231104,3.2,6.0,1.03,0.18,0.44,HW
2022-04-13 03:00:00,12.125,3.0,-1.1111111111111112,66.0,0.5658884000000001,3.2,6.0,1.03,0.24,0.49,HW
2022-04-13 04:00:00,12.1667,4.0,-1.6666666666666667,70.0,0.771666,3.2,5.0,1.4,0.21,0.62,HW
2022-04-13 05:00:00,12.2083,5.0,-2.2222222222222223,76.0,0.5658884000000001,3.4,5.0,1.33,0.24,0.84,HW
2022-04-13 06:00:00,12.25,6.0,-2.2222222222222223,73.0,0.8231104,4.0,10.0,1.5,0.28,0.87,HW
2022-04-13 07:00:00,12.2917,7.0,-1.6666666666666667,69.0,0.8231104,4.3,14.0,1.62,0.34,0.84,HW
2022-04-13 08:00:00,12.3333,8.0,-1.1111111111111112,65.0,0.9774436,5.0,24.0,2.09,0.55,1.22,HW
2022-04-13 09:00:00,12.375,9.0,0.0,61.0,1.1317768000000001,4.0,20.0,1.44,0.28,0.63,HW
2022-04-13 10:00:00,12.4167,10.0,0.0,58.0,2.5207756000000003,3.3,8.0,1.36,0.46,1.12,HW
2022-04-13 11:00:00,12.4583,11.0,-1.1111111111111112,82.0,1.5947764,3.8,5.0,1.75,0.87,1.3,HW
2022-04-13 12:00:00,12.5,12.0,1.1111111111111112,65.0,1.5947764,5.4,5.0,3.07,1.92,2.49,HW
2022-04-13 13:00:00,12.5417,13.0,2.2222222222222223,60.0,2.2121092,6.3,14.0,3.86,3.04,3.67,HW
2022-04-13 14:00:00,12.5833,14.0,3.3333333333333335,53.0,2.2121092,4.7,13.0,2.53,1.42,2.22,HW
2022-04-13 15:00:00,12.625,15.0,3.3333333333333335,47.0,2.7265532,4.1,2.0,2.08,0.5,1.13,HW
2022-04-13 16:00:00,12.6667,16.0,3.888888888888889,42.0,3.3953303999999997,3.9,13.0,2.08,0.4,0.94,HW
2022-04-13 17:00:00,12.7083,17.0,4.444444444444445,39.0,2.8808864,3.6,11.0,1.79,0.34,0.71,HW
2022-04-13 18:00:00,12.75,18.0,5.0,32.0,2.314998,4.1,12.0,1.98,0.42,0.99,HW
2022-04-13 19:00:00,12.7917,19.0,5.0,28.0,1.9034428,5.2,9.0,2.44,0.57,1.34,HW
2022-04-13 20:00:00,12.8333,20.0,5.555555555555555,24.0,2.2121092,6.0,15.0,3.3,1.29,2.11,HW
2022-04-13 21:00:00,12.875,21.0,5.0,26.0,1.1317768000000001,6.8,11.0,3.72,1.72,2.66,HW
2022-04-13 22:00:00,12.9167,22.0,5.0,30.0,1.0803324,7.2,16.0,4.25,1.9,3.15,HW
2022-04-13 23:00:00,12.9583,23.0,3.888888888888889,34.0,1.0803324,7.2,20.0,4.04,2.04,2.9,HW
2022-04-14 00:00:00,13.0,0.0,2.7777777777777777,42.0,0.8745548,5.0,8.0,2.66,0.66,1.51,HW
2022-04-14 01:00:00,13.0417,1.0,1.6666666666666667,47.0,1.6462208,4.2,1.0,2.37,0.63,1.52,HW
2022-04-14 02:00:00,13.0833,2.0,1.6666666666666667,45.0,1.1832212,4.5,7.0,2.43,0.8,1.61,HW
2022-04-14 03:00:00,13.125,3.0,1.6666666666666667,44.0,1.2346656,4.5,9.0,2.65,0.91,1.58,HW
2022-04-14 04:00:00,13.1667,4.0,2.2222222222222223,42.0,1.28611,5.4,9.0,3.1,1.39,1.94,HW
2022-04-14 05:00:00,13.2083,5.0,2.2222222222222223,45.0,0.9259992,4.9,2.0,2.82,1.0,1.8,HW
2022-04-14 06:00:00,13.25,6.0,2.7777777777777777,44.0,1.543332,6.3,7.0,3.39,1.46,2.23,HW
2022-04-14 07:00:00,13.2917,7.0,4.444444444444445,39.0,1.7491096,6.6,11.0,3.82,1.59,2.79,HW
2022-04-14 08:00:00,13.3333,8.0,3.888888888888889,40.0,1.028888,7.0,11.0,4.2,1.93,2.95,HW
2022-04-14 09:00:00,13.375,9.0,4.444444444444445,40.0,1.28611,8.7,23.0,5.92,2.97,3.98,HW
2022-04-14 10:00:00,13.4167,10.0,5.555555555555555,39.0,0.6687772000000001,9.7,15.0,6.0,3.66,4.7,HW
2022-04-14 11:00:00,13.4583,11.0,7.222222222222222,31.0,0.771666,9.2,17.0,5.7,2.66,3.59,HW
2022-04-14 12:00:00,13.5,12.0,9.444444444444445,26.0,1.7491096,6.3,11.0,2.86,1.52,2.23,HW
2022-04-14 13:00:00,13.5417,13.0,10.555555555555555,26.0,2.2121092,7.0,13.0,3.54,1.78,2.55,HW
2022-04-14 14:00:00,13.5833,14.0,10.555555555555555,25.0,2.7265532,6.4,13.0,2.85,0.87,1.65,HW
2022-04-14 15:00:00,13.625,15.0,11.666666666666666,25.0,3.9612188,6.1,11.0,2.7,0.7,1.38,HW
2022-04-14 16:00:00,13.6667,16.0,12.777777777777779,23.0,4.2698852,5.0,17.0,1.65,0.39,0.71,HW
2022-04-14 17:00:00,13.7083,17.0,13.333333333333334,22.0,3.8068856,4.5,8.0,1.23,0.38,0.91,HW
2022-04-14 18:00:00,13.75,18.0,14.444444444444445,20.0,3.343886,4.2,13.0,1.27,0.24,0.61,HW
2022-04-14 19:00:00,13.7917,19.0,14.444444444444445,20.0,2.9323308000000003,4.6,20.0,1.37,0.29,0.84,HW
2022-04-14 20:00:00,13.8333,20.0,13.88888888888889,22.0,1.9548872,4.7,12.0,1.46,0.63,0.95,HW
2022-04-14 21:00:00,13.875,21.0,12.777777777777779,29.0,2.1092204,5.3,10.0,1.74,0.62,1.12,HW
2022-04-14 22:00:00,13.9167,22.0,12.222222222222221,32.0,1.8519984,4.1,15.0,0.83,0.2,0.54,HW
2022-04-14 23:00:00,13.9583,23.0,10.555555555555555,41.0,3.2409972,2.7,12.0,0.4,0.06,0.18,HW
2022-04-15 00:00:00,14.0,0.0,9.444444444444445,45.0,1.9034428,3.1,3.0,0.6,0.17,0.37,HW
2022-04-15 01:00:00,14.0417,1.0,9.444444444444445,47.0,1.543332,3.2,8.0,0.78,0.19,0.54,HW
2022-04-15 02:00:00,14.0833,2.0,7.222222222222222,68.0,2.7265532,3.0,5.0,0.81,0.2,0.52,HW
2022-04-15 03:00:00,14.125,3.0,6.111111111111111,77.0,1.1832212,3.7,5.0,1.7,0.52,0.98,HW
2022-04-15 04:00:00,14.1667,4.0,5.555555555555555,82.0,1.1832212,4.2,9.0,2.45,0.8,1.61,HW
2022-04-15 07:00:00,14.2917,7.0,5.555555555555555,82.0,1.0803324,3.3,7.0,2.06,0.78,1.14,HW
2022-04-15 08:00:00,14.3333,8.0,5.555555555555555,81.0,1.3375544000000001,7.6,9.0,7.03,4.62,6.02,HW
2022-04-15 10:00:00,14.4167,10.0,6.111111111111111,85.0,1.1832212,4.4,2.0,2.22,0.58,1.25,HW
2022-04-15 11:00:00,14.4583,11.0,7.222222222222222,74.0,2.1606648,3.8,4.0,1.54,0.21,0.6,HW
2022-04-15 12:00:00,14.5,12.0,8.333333333333334,68.0,2.4693312,2.5,5.0,0.64,0.18,0.4,HW
2022-04-15 13:00:00,14.5417,13.0,8.333333333333334,65.0,2.5207756000000003,2.8,1.0,0.59,0.16,0.37,HW
2022-04-15 14:00:00,14.5833,14.0,10.0,51.0,2.57222,3.5,5.0,0.73,0.19,0.42,HW
2022-04-15 15:00:00,14.625,15.0,11.666666666666666,44.0,2.2121092,3.8,8.0,0.94,0.34,0.59,HW
2022-04-15 16:00:00,14.6667,16.0,12.777777777777779,38.0,2.2121092,4.3,7.0,0.91,0.31,0.68,HW
2022-04-15 17:00:00,14.7083,17.0,13.333333333333334,36.0,2.7265532,4.5,7.0,0.92,0.28,0.61,HW
2022-04-15 18:00:00,14.75,18.0,13.88888888888889,34.0,2.7779976000000004,4.6,10.0,1.12,0.33,0.54,HW
2022-04-15 19:00:00,14.7917,19.0,14.444444444444445,32.0,2.6236644,5.1,20.0,1.47,0.57,1.11,HW
2022-04-15 20:00:00,14.8333,20.0,13.333333333333334,34.0,2.6236644,8.6,14.0,4.7,2.66,3.76,HW
2022-04-15 21:00:00,14.875,21.0,11.666666666666666,39.0,1.3375544000000001,7.7,13.0,3.95,1.87,2.69,HW
2022-04-15 22:00:00,14.9167,22.0,10.0,45.0,1.3889988000000002,8.3,16.0,4.65,2.8,3.72,HW
2022-04-15 23:00:00,14.9583,23.0,9.444444444444445,53.0,1.0803324,9.7,13.0,6.24,4.26,4.87,HW
2022-04-16 00:00:00,15.0,0.0,7.777777777777778,62.0,0.5658884000000001,11.1,17.0,8.71,6.38,7.53,HW
2022-04-16 01:00:00,15.0417,1.0,6.111111111111111,73.0,0.514444,12.0,12.0,11.18,7.9,9.8,HW
2022-04-16 02:00:00,15.0833,2.0,5.555555555555555,79.0,0.8231104,11.1,14.0,10.14,7.2,8.87,HW
2022-04-16 03:00:00,15.125,3.0,5.0,80.0,0.6687772000000001,10.5,10.0,8.69,6.17,8.36,HW
2022-04-16 04:00:00,15.1667,4.0,5.0,79.0,0.6173328,13.8,13.0,8.99,6.34,7.93,HW
2022-04-16 05:00:00,15.2083,5.0,4.444444444444445,80.0,0.7202216,13.2,7.0,9.17,6.7,8.56,HW
2022-04-16 06:00:00,15.25,6.0,3.888888888888889,82.0,0.5658884000000001,11.3,5.0,9.8,6.7,8.65,HW
2022-04-16 07:00:00,15.2917,7.0,3.888888888888889,83.0,0.4629996,10.1,8.0,9.44,6.43,8.14,HW
2022-04-16 08:00:00,15.3333,8.0,4.444444444444445,77.0,0.514444,11.9,10.0,10.92,8.31,10.0,HW
2022-04-16 09:00:00,15.375,9.0,6.666666666666667,70.0,0.514444,9.2,11.0,7.87,5.93,6.94,HW
2022-04-16 10:00:00,15.4167,10.0,8.88888888888889,56.0,0.9774436,9.1,14.0,7.58,5.59,6.52,HW
2022-04-16 11:00:00,15.4583,11.0,11.11111111111111,47.0,1.0803324,8.0,15.0,4.81,3.39,4.28,HW
2022-04-16 12:00:00,15.5,12.0,14.444444444444445,37.0,2.0063316,4.1,17.0,1.8,0.3,0.85,HW
2022-04-16 13:00:00,15.5417,13.0,16.666666666666668,26.0,5.14444,9.8,19.0,8.14,7.18,8.39,HW
2022-04-16 14:00:00,15.5833,14.0,14.444444444444445,46.0,4.1669963999999995,8.7,16.0,7.61,5.64,6.75,HW
2022-04-16 15:00:00,15.625,15.0,13.88888888888889,44.0,2.314998,7.1,25.0,5.1,4.18,4.56,HW
2022-04-16 16:00:00,15.6667,16.0,15.555555555555555,36.0,2.5207756000000003,8.3,63.0,5.88,3.27,4.2,HW
2022-04-16 17:00:00,15.7083,17.0,12.222222222222221,49.0,2.8808864,5.9,43.0,5.29,1.39,2.6,HW
2022-04-16 18:00:00,15.75,18.0,11.11111111111111,59.0,3.6525524,4.8,15.0,2.87,1.26,1.92,HW
2022-04-16 19:00:00,15.7917,19.0,12.222222222222221,53.0,1.8519984,5.6,15.0,3.32,1.71,2.38,HW
2022-04-16 20:00:00,15.8333,20.0,13.88888888888889,45.0,1.28611,7.5,25.0,6.05,3.54,4.55,HW
2022-04-16 21:00:00,15.875,21.0,11.666666666666666,53.0,1.28611,8.0,20.0,6.39,3.43,4.47,HW
2022-04-16 22:00:00,15.9167,22.0,11.666666666666666,53.0,1.9034428,7.4,17.0,4.8,2.0,2.98,HW
2022-04-16 23:00:00,15.9583,23.0,12.222222222222221,53.0,2.2635536000000003,8.7,22.0,6.12,2.45,3.55,HW
2022-04-17 00:00:00,16.0,0.0,10.0,76.0,1.543332,8.3,13.0,5.47,2.2,3.58,HW
2022-04-17 05:00:00,16.2083,5.0,6.666666666666667,79.0,1.8519984,3.2,3.0,1.52,0.71,1.34,HW
2022-04-17 06:00:00,16.25,6.0,5.555555555555555,72.0,1.6462208,4.2,7.0,2.27,1.05,1.64,HW
2022-04-17 07:00:00,16.2917,7.0,4.444444444444445,70.0,1.0803324,5.0,10.0,2.82,1.54,2.35,HW
2022-04-17 08:00:00,16.3333,8.0,4.444444444444445,71.0,0.6687772000000001,5.4,5.0,3.9,1.99,3.0,HW
2022-04-17 09:00:00,16.375,9.0,5.555555555555555,63.0,0.771666,6.0,18.0,4.86,2.95,4.08,HW
2022-04-17 10:00:00,16.4167,10.0,7.222222222222222,59.0,0.9774436,7.2,11.0,5.91,3.56,4.69,HW
2022-04-17 11:00:00,16.4583,11.0,8.333333333333334,55.0,1.543332,8.2,7.0,5.83,4.73,5.6,HW
2022-04-17 12:00:00,16.5,12.0,10.0,48.0,1.6976651999999999,6.9,7.0,3.32,2.96,3.02,HW
2022-04-17 13:00:00,16.5417,13.0,12.222222222222221,40.0,2.314998,5.3,6.0,1.8,1.06,1.3,HW
2022-04-17 14:00:00,16.5833,14.0,13.333333333333334,33.0,2.6751088000000003,4.8,8.0,1.44,0.73,0.9,HW
2022-04-17 15:00:00,16.625,15.0,13.88888888888889,32.0,2.7265532,5.0,10.0,1.63,0.7,1.14,HW
2022-04-17 16:00:00,16.6667,16.0,14.444444444444445,30.0,2.2635536000000003,4.9,14.0,1.49,0.71,1.01,HW
2022-04-17 17:00:00,16.7083,17.0,15.0,28.0,2.1606648,5.1,16.0,2.15,0.78,1.29,HW
2022-04-17 18:00:00,16.75,18.0,16.11111111111111,26.0,1.7491096,5.8,14.0,2.53,1.21,1.71,HW
2022-04-17 19:00:00,16.7917,19.0,16.666666666666668,25.0,2.057776,6.3,22.0,2.95,1.46,1.95,HW
2022-04-17 20:00:00,16.8333,20.0,15.555555555555555,26.0,2.2635536000000003,7.5,18.0,4.62,2.7,3.23,HW
2022-04-17 21:00:00,16.875,21.0,13.333333333333334,30.0,1.2346656,8.9,22.0,7.45,4.37,5.1,HW
2022-04-17 22:00:00,16.9167,22.0,12.222222222222221,36.0,1.1832212,7.7,25.0,5.26,2.03,2.72,HW
2022-04-17 23:00:00,16.9583,23.0,10.555555555555555,37.0,0.8231104,9.0,21.0,4.25,1.78,2.41,HW
2022-04-18 00:00:00,17.0,0.0,10.0,38.0,0.8745548,9.2,11.0,4.81,2.01,3.01,HW
2022-04-18 01:00:00,17.0417,1.0,8.333333333333334,46.0,0.5658884000000001,10.8,20.0,6.98,3.65,4.84,HW
2022-04-18 02:00:00,17.0833,2.0,7.222222222222222,52.0,0.514444,9.8,18.0,6.89,3.8,4.91,HW
2022-04-18 03:00:00,17.125,3.0,6.111111111111111,59.0,0.4629996,9.8,23.0,7.39,4.09,5.24,HW
2022-04-18 04:00:00,17.1667,4.0,5.0,63.0,0.514444,9.5,17.0,7.19,3.82,5.22,HW
2022-04-18 05:00:00,17.2083,5.0,4.444444444444445,67.0,0.6687772000000001,9.5,14.0,7.99,4.59,6.26,HW
2022-04-18 06:00:00,17.25,6.0,4.444444444444445,69.0,0.9774436,8.8,17.0,7.12,4.31,5.95,HW
2022-04-18 07:00:00,17.2917,7.0,4.444444444444445,68.0,0.9774436,10.4,15.0,9.3,6.02,7.2,HW
2022-04-18 08:00:00,17.3333,8.0,5.0,65.0,1.028888,11.4,18.0,9.08,6.61,7.38,HW
2022-04-18 09:00:00,17.375,9.0,8.333333333333334,52.0,0.8231104,15.0,34.0,12.11,8.79,10.13,HW
2022-04-18 10:00:00,17.4167,10.0,10.555555555555555,45.0,1.1832212,15.5,41.0,13.51,9.91,10.87,HW
2022-04-18 11:00:00,17.4583,11.0,12.777777777777779,39.0,1.3375544000000001,13.3,43.0,10.51,7.75,8.31,HW
2022-04-18 12:00:00,17.5,12.0,15.555555555555555,30.0,1.543332,13.4,39.0,10.89,7.91,8.38,HW
2022-04-18 13:00:00,17.5417,13.0,17.77777777777778,27.0,1.8519984,13.4,33.0,9.97,7.11,7.47,HW
2022-04-18 14:00:00,17.5833,14.0,19.444444444444443,23.0,2.1606648,12.9,35.0,9.44,6.66,7.24,HW
2022-04-18 15:00:00,17.625,15.0,21.666666666666668,20.0,2.2121092,11.4,41.0,7.8,5.84,6.89,HW
2022-04-18 16:00:00,17.6667,16.0,22.22222222222222,22.0,3.9097744,9.9,39.0,6.18,4.42,5.39,HW
2022-04-18 17:00:00,17.7083,17.0,21.666666666666668,25.0,4.064107600000001,10.0,38.0,6.23,3.7,4.46,HW
2022-04-18 18:00:00,17.75,18.0,22.77777777777778,21.0,3.343886,10.0,44.0,5.92,2.85,3.51,HW
2022-04-18 19:00:00,17.7917,19.0,22.22222222222222,18.0,2.2121092,10.0,40.0,5.92,3.16,3.73,HW
2022-04-18 20:00:00,17.8333,20.0,22.22222222222222,17.0,0.8231104,9.8,43.0,6.72,3.56,4.01,HW
2022-04-18 21:00:00,17.875,21.0,20.0,20.0,1.3889988000000002,8.6,32.0,6.17,2.85,3.48,HW
2022-04-18 22:00:00,17.9167,22.0,18.333333333333332,19.0,1.2346656,9.0,23.0,7.47,3.86,4.77,HW
2022-04-18 23:00:00,17.9583,23.0,17.22222222222222,20.0,1.5947764,9.2,23.0,6.54,3.25,3.94,HW
2022-04-19 00:00:00,18.0,0.0,17.22222222222222,19.0,1.543332,7.9,22.0,5.38,1.4,1.95,HW
2022-04-19 01:00:00,18.0417,1.0,20.0,11.0,4.372774,7.9,30.0,5.08,1.25,1.91,HW
2022-04-19 02:00:00,18.0833,2.0,20.0,11.0,4.5785516,8.5,39.0,5.09,1.28,1.73,HW
2022-04-19 03:00:00,18.125,3.0,20.555555555555557,10.0,5.1958844,8.1,36.0,5.13,1.07,1.6,HW
2022-04-19 04:00:00,18.1667,4.0,20.0,11.0,4.887218,7.1,28.0,4.2,1.17,1.8,HW
2022-04-19 05:00:00,18.2083,5.0,19.444444444444443,11.0,3.2924416,6.6,27.0,4.12,1.29,1.97,HW
2022-04-19 06:00:00,18.25,6.0,19.444444444444443,11.0,3.0352196000000005,6.9,22.0,4.63,1.96,2.62,HW
2022-04-19 07:00:00,18.2917,7.0,17.77777777777778,14.0,2.2121092,8.7,32.0,5.27,2.32,3.13,HW
2022-04-19 08:00:00,18.3333,8.0,17.22222222222222,15.0,2.2121092,12.8,44.0,9.29,4.95,5.82,HW
2022-04-19 09:00:00,18.375,9.0,15.555555555555555,23.0,1.6462208,14.7,63.0,9.59,4.32,5.51,HW
2022-04-19 10:00:00,18.4167,10.0,16.11111111111111,28.0,2.2121092,31.7,88.0,21.82,8.69,10.98,HW
2022-04-19 11:00:00,18.4583,11.0,17.22222222222222,23.0,2.9837752,40.9,161.0,27.12,10.65,13.22,HW
2022-04-19 12:00:00,18.5,12.0,17.77777777777778,21.0,3.1895528,37.6,130.0,20.63,8.5,10.62,HW
2022-04-19 13:00:00,18.5417,13.0,17.77777777777778,23.0,3.3953303999999997,34.7,110.0,17.08,7.36,9.4,HW
2022-04-19 14:00:00,18.5833,14.0,18.333333333333332,18.0,3.8068856,26.1,99.0,11.96,5.56,6.95,HW
2022-04-19 15:00:00,18.625,15.0,18.333333333333332,17.0,4.5785516,18.9,86.0,6.9,3.35,4.46,HW
2022-04-19 16:00:00,18.6667,16.0,17.22222222222222,22.0,5.6074396,14.6,94.0,5.2,2.64,3.88,HW
2022-04-19 17:00:00,18.7083,17.0,15.0,27.0,5.6074396,10.5,80.0,4.07,1.61,2.56,HW
2022-04-19 18:00:00,18.75,18.0,13.333333333333334,32.0,4.5271072000000006,7.5,54.0,2.76,0.74,1.6,HW
2022-04-19 19:00:00,18.7917,19.0,11.11111111111111,40.0,4.2698852,3.6,20.0,1.06,0.2,0.46,HW
2022-04-19 20:00:00,18.8333,20.0,10.0,47.0,2.9837752,2.8,9.0,0.82,0.1,0.35,HW
2022-04-19 21:00:00,18.875,21.0,9.444444444444445,51.0,2.057776,2.3,11.0,0.88,0.12,0.29,HW
2022-04-19 22:00:00,18.9167,22.0,8.333333333333334,66.0,1.9034428,2.2,4.0,0.86,0.09,0.26,HW
2022-04-19 23:00:00,18.9583,23.0,7.222222222222222,75.0,1.6976651999999999,2.1,2.0,0.7,0.05,0.23,HW
2022-04-20 00:00:00,19.0,0.0,6.666666666666667,73.0,1.800554,2.0,4.0,0.44,0.09,0.17,HW
2022-04-20 01:00:00,19.0417,1.0,6.666666666666667,71.0,1.1832212,2.2,13.0,0.98,0.15,0.5,HW
2022-04-20 02:00:00,19.0833,2.0,6.111111111111111,76.0,1.543332,2.3,7.0,0.78,0.16,0.32,HW
2022-04-20 03:00:00,19.125,3.0,5.555555555555555,73.0,1.4918876,2.0,7.0,0.67,0.09,0.18,HW
2022-04-20 04:00:00,19.1667,4.0,5.0,71.0,1.543332,2.1,13.0,0.65,0.07,0.31,HW
2022-04-20 05:00:00,19.2083,5.0,5.0,66.0,1.1832212,2.1,8.0,0.65,0.07,0.33,HW
2022-04-20 06:00:00,19.25,6.0,4.444444444444445,64.0,1.28611,2.6,7.0,1.32,0.23,0.73,HW
2022-04-20 07:00:00,19.2917,7.0,4.444444444444445,61.0,1.543332,4.0,12.0,2.19,0.74,1.51,HW
2022-04-20 08:00:00,19.3333,8.0,5.555555555555555,59.0,1.3889988000000002,4.0,10.0,1.94,0.84,1.4,HW
2022-04-20 09:00:00,19.375,9.0,7.777777777777778,49.0,1.1832212,4.1,7.0,2.1,1.09,1.66,HW
2022-04-20 10:00:00,19.4167,10.0,9.444444444444445,46.0,1.0803324,6.9,5.0,4.48,2.99,3.84,HW
2022-04-20 11:00:00,19.4583,11.0,11.11111111111111,49.0,1.543332,7.3,13.0,4.28,2.9,3.35,HW
2022-04-20 12:00:00,19.5,12.0,12.777777777777779,40.0,1.543332,7.5,11.0,4.02,2.55,2.96,HW
2022-04-20 13:00:00,19.5417,13.0,15.0,32.0,1.8519984,6.6,10.0,2.71,1.72,2.11,HW
2022-04-20 14:00:00,19.5833,14.0,15.555555555555555,28.0,2.57222,5.0,11.0,1.88,0.83,1.08,HW
2022-04-20 15:00:00,19.625,15.0,16.666666666666668,25.0,2.057776,5.0,18.0,1.77,0.84,1.21,HW
2022-04-20 16:00:00,19.6667,16.0,17.77777777777778,24.0,2.2121092,4.7,16.0,1.66,0.46,0.96,HW
2022-04-20 17:00:00,19.7083,17.0,18.88888888888889,20.0,2.057776,4.6,15.0,1.39,0.36,0.53,HW
2022-04-20 18:00:00,19.75,18.0,19.444444444444443,18.0,1.800554,5.7,12.0,2.45,1.04,1.44,HW
2022-04-20 19:00:00,19.7917,19.0,20.0,19.0,1.8519984,6.3,23.0,2.66,1.43,1.76,HW
2022-04-20 20:00:00,19.8333,20.0,19.444444444444443,20.0,1.543332,5.5,22.0,2.34,1.06,1.57,HW
2022-04-20 21:00:00,19.875,21.0,17.22222222222222,22.0,1.1832212,5.0,11.0,2.08,0.46,0.9,HW
2022-04-20 22:00:00,19.9167,22.0,15.555555555555555,23.0,1.9548872,6.3,22.0,3.95,1.71,2.42,HW
2022-04-20 23:00:00,19.9583,23.0,15.0,26.0,1.6462208,6.6,21.0,4.04,1.43,2.22,HW
2022-04-21 00:00:00,20.0,0.0,13.333333333333334,29.0,1.5947764,8.0,25.0,5.39,2.15,3.02,HW
2022-04-21 01:00:00,20.0417,1.0,12.222222222222221,34.0,1.3889988000000002,8.0,28.0,5.33,2.13,3.1,HW
2022-04-21 02:00:00,20.0833,2.0,11.666666666666666,35.0,1.1832212,7.2,29.0,4.95,1.71,2.61,HW
2022-04-21 03:00:00,20.125,3.0,11.11111111111111,38.0,1.028888,7.6,25.0,4.84,1.73,2.62,HW
2022-04-21 04:00:00,20.1667,4.0,11.11111111111111,39.0,0.771666,8.1,18.0,4.76,1.66,2.7,HW
2022-04-21 05:00:00,20.2083,5.0,10.555555555555555,44.0,0.9774436,9.3,24.0,5.83,2.34,3.37,HW
2022-04-21 06:00:00,20.25,6.0,13.333333333333334,33.0,1.3375544000000001,8.0,18.0,4.04,1.52,2.19,HW
2022-04-21 07:00:00,20.2917,7.0,15.555555555555555,26.0,1.543332,7.7,23.0,3.92,1.27,2.04,HW
2022-04-21 08:00:00,20.3333,8.0,16.11111111111111,24.0,2.8808864,7.5,27.0,4.3,1.0,1.51,HW
2022-04-21 09:00:00,20.375,9.0,17.77777777777778,21.0,5.5045508,7.9,34.0,4.67,1.26,1.81,HW
2022-04-21 10:00:00,20.4167,10.0,18.333333333333332,22.0,6.070439200000001,8.7,39.0,5.49,1.69,2.26,HW
2022-04-21 11:00:00,20.4583,11.0,18.88888888888889,21.0,6.7392164,11.6,51.0,6.56,2.0,2.31,HW
2022-04-21 12:00:00,20.5,12.0,20.555555555555557,19.0,6.43055,23.6,99.0,16.3,4.11,4.9,HW
2022-04-21 13:00:00,20.5417,13.0,20.555555555555557,16.0,5.8132172,25.7,193.0,18.17,4.51,5.24,HW
2022-04-21 14:00:00,20.5833,14.0,21.666666666666668,14.0,5.2473288,26.8,188.0,19.0,4.55,5.37,HW
2022-04-21 15:00:00,20.625,15.0,22.77777777777778,13.0,5.7617728,36.7,240.0,27.02,7.33,7.83,HW
2022-04-21 16:00:00,20.6667,16.0,23.88888888888889,11.0,6.6363276,36.8,268.0,25.57,7.18,7.85,HW
2022-04-21 17:00:00,20.7083,17.0,23.88888888888889,11.0,6.3791056,38.8,265.0,24.61,6.11,7.45,HW
2022-04-21 18:00:00,20.75,18.0,23.333333333333332,10.0,5.916106,44.8,274.0,27.14,6.92,8.02,HW
2022-04-21 19:00:00,20.7917,19.0,23.333333333333332,10.0,4.9901067999999995,37.2,240.0,19.89,8.5,10.53,HW
2022-04-21 20:00:00,20.8333,20.0,20.555555555555557,17.0,2.8808864,30.7,154.0,17.17,6.91,8.23,HW
2022-04-21 21:00:00,20.875,21.0,18.333333333333332,28.0,2.8294420000000002,22.7,181.0,12.95,4.21,5.54,HW
2022-04-21 22:00:00,20.9167,22.0,13.88888888888889,48.0,2.4693312,24.0,126.0,12.96,4.31,6.05,HW
2022-04-21 23:00:00,20.9583,23.0,12.777777777777779,48.0,2.0063316,18.5,153.0,9.35,2.82,3.82,HW
2022-04-22 00:00:00,21.0,0.0,12.222222222222221,52.0,2.057776,8.7,69.0,4.25,1.38,2.3,HW
2022-04-22 01:00:00,21.0417,1.0,11.666666666666666,53.0,2.314998,15.0,77.0,7.28,2.43,3.52,HW
2022-04-22 02:00:00,21.0833,2.0,10.555555555555555,54.0,2.057776,10.2,97.0,5.36,1.27,2.12,HW
2022-04-22 03:00:00,21.125,3.0,10.0,54.0,1.9548872,9.5,68.0,4.24,1.01,1.68,HW
2022-04-22 04:00:00,21.1667,4.0,9.444444444444445,52.0,2.1606648,10.4,63.0,5.06,1.05,2.09,HW
2022-04-22 05:00:00,21.2083,5.0,8.333333333333334,58.0,1.9034428,10.0,80.0,5.2,1.21,2.14,HW
2022-04-22 06:00:00,21.25,6.0,8.333333333333334,62.0,1.6976651999999999,10.7,102.0,6.21,1.6,2.42,HW
2022-04-22 07:00:00,21.2917,7.0,7.777777777777778,65.0,1.4404432,8.1,105.0,4.79,1.35,2.35,HW
2022-04-22 08:00:00,21.3333,8.0,7.777777777777778,69.0,1.028888,9.3,86.0,6.29,1.73,2.37,HW
2022-04-22 09:00:00,21.375,9.0,7.222222222222222,79.0,1.4404432,7.9,63.0,5.95,3.85,4.97,HW
2022-04-22 10:00:00,21.4167,10.0,7.777777777777778,78.0,2.5207756000000003,7.5,39.0,7.34,5.85,7.3,HW
2022-04-22 11:00:00,21.4583,11.0,7.777777777777778,76.0,2.9323308000000003,7.3,26.0,7.28,5.75,7.11,HW
2022-04-22 12:00:00,21.5,12.0,8.88888888888889,71.0,3.3953303999999997,5.9,5.0,5.44,4.54,5.69,HW
2022-04-22 13:00:00,21.5417,13.0,8.88888888888889,69.0,3.1381083999999997,5.2,13.0,4.44,3.54,4.94,HW
2022-04-22 14:00:00,21.5833,14.0,7.777777777777778,79.0,4.4242184,2.9,12.0,2.99,2.25,3.45,HW
2022-04-22 16:00:00,21.6667,16.0,6.666666666666667,83.0,3.6525524,2.1,8.0,1.12,0.7,1.4,HW
2022-04-22 18:00:00,21.75,18.0,5.555555555555555,82.0,5.350217600000001,2.9,7.0,2.53,2.07,3.17,HW
2022-04-22 19:00:00,21.7917,19.0,5.555555555555555,80.0,3.1381083999999997,3.3,6.0,3.37,2.66,3.65,HW
2022-04-22 20:00:00,21.8333,20.0,5.555555555555555,82.0,1.4404432,4.5,8.0,4.44,3.16,4.15,HW
2022-04-22 21:00:00,21.875,21.0,6.111111111111111,80.0,1.3375544000000001,3.3,8.0,3.03,1.99,2.91,HW
2022-04-22 22:00:00,21.9167,22.0,6.111111111111111,74.0,1.4918876,3.6,4.0,3.21,2.06,2.99,HW
2022-04-22 23:00:00,21.9583,23.0,6.111111111111111,74.0,1.0803324,4.4,4.0,4.14,2.41,3.41,HW
2022-04-23 00:00:00,22.0,0.0,6.111111111111111,78.0,1.1832212,3.1,3.0,2.2,1.13,1.9,HW
2022-04-23 01:00:00,22.0417,1.0,6.666666666666667,70.0,1.4918876,3.7,1.0,2.22,1.03,1.78,HW
2022-04-23 02:00:00,22.0833,2.0,6.666666666666667,70.0,1.1832212,4.3,3.0,2.26,1.04,1.7,HW
2022-04-23 03:00:00,22.125,3.0,6.666666666666667,62.0,1.1832212,3.7,4.0,1.83,0.77,1.37,HW
2022-04-23 04:00:00,22.1667,4.0,6.666666666666667,66.0,1.4404432,3.4,2.0,1.78,0.54,1.29,HW
2022-04-23 05:00:00,22.2083,5.0,5.555555555555555,76.0,1.7491096,3.8,1.0,3.29,1.03,2.1,HW
2022-04-23 11:00:00,22.4583,11.0,4.444444444444445,79.0,1.800554,4.8,3.0,4.54,3.23,4.6,HW
2022-04-23 12:00:00,22.5,12.0,4.444444444444445,81.0,1.9034428,5.6,2.0,6.17,3.0,4.26,HW
2022-04-23 13:00:00,22.5417,13.0,6.111111111111111,75.0,1.9548872,3.6,7.0,2.16,1.29,1.86,HW
2022-04-23 14:00:00,22.5833,14.0,7.222222222222222,58.0,3.4467748,2.9,4.0,2.06,1.06,1.66,HW
2022-04-23 15:00:00,22.625,15.0,7.222222222222222,66.0,2.2121092,3.2,1.0,2.41,1.11,1.79,HW
2022-04-23 16:00:00,22.6667,16.0,6.666666666666667,66.0,2.2121092,3.1,1.0,2.23,0.94,1.62,HW
2022-04-23 17:00:00,22.7083,17.0,8.88888888888889,54.0,2.057776,2.7,2.0,1.44,1.04,1.33,HW
2022-04-23 18:00:00,22.75,18.0,11.11111111111111,40.0,1.2346656,2.0,5.0,0.67,0.37,0.75,HW
2022-04-23 19:00:00,22.7917,19.0,11.666666666666666,28.0,2.8294420000000002,2.2,8.0,1.09,0.52,0.83,HW
2022-04-23 20:00:00,22.8333,20.0,11.11111111111111,31.0,2.57222,5.3,13.0,5.54,4.51,5.18,HW
2022-04-23 21:00:00,22.875,21.0,9.444444444444445,37.0,1.1832212,3.9,14.0,2.56,1.54,2.25,HW
2022-04-23 22:00:00,22.9167,22.0,7.222222222222222,53.0,1.4918876,3.6,1.0,2.61,1.42,2.37,HW
2022-04-23 23:00:00,22.9583,23.0,6.666666666666667,56.0,0.9774436,3.0,10.0,1.74,0.97,1.5,HW
2022-04-24 00:00:00,23.0,0.0,7.222222222222222,49.0,1.6462208,2.7,4.0,1.76,0.75,1.34,HW
2022-04-24 01:00:00,23.0417,1.0,6.111111111111111,53.0,1.1317768000000001,2.6,3.0,1.73,0.71,1.3,HW
2022-04-24 02:00:00,23.0833,2.0,5.0,56.0,1.1832212,2.9,19.0,1.67,0.88,1.7,HW
2022-04-24 03:00:00,23.125,3.0,3.888888888888889,61.0,0.9774436,2.8,3.0,1.86,0.85,1.53,HW
2022-04-24 04:00:00,23.1667,4.0,3.3333333333333335,63.0,1.0803324,3.1,2.0,2.37,1.08,1.85,HW
2022-04-24 05:00:00,23.2083,5.0,2.2222222222222223,68.0,0.5658884000000001,2.8,9.0,2.06,1.08,1.72,HW
2022-04-24 06:00:00,23.25,6.0,1.6666666666666667,68.0,0.8231104,2.8,4.0,1.68,0.98,1.68,HW
2022-04-24 07:00:00,23.2917,7.0,2.2222222222222223,66.0,0.6687772000000001,3.1,3.0,2.17,1.16,1.88,HW
2022-04-24 08:00:00,23.3333,8.0,3.3333333333333335,60.0,0.9774436,3.8,0.0,3.68,2.68,3.31,HW
2022-04-24 09:00:00,23.375,9.0,6.666666666666667,50.0,0.514444,7.2,4.0,7.3,6.58,7.45,HW
2022-04-24 10:00:00,23.4167,10.0,7.777777777777778,51.0,1.7491096,4.7,7.0,3.5,3.18,3.84,HW
2022-04-24 11:00:00,23.4583,11.0,8.88888888888889,46.0,2.314998,5.2,6.0,4.26,4.05,4.71,HW
2022-04-24 12:00:00,23.5,12.0,10.0,46.0,2.6751088000000003,3.9,5.0,2.45,2.69,3.07,HW
2022-04-24 13:00:00,23.5417,13.0,11.11111111111111,40.0,2.314998,2.9,5.0,1.17,1.28,1.67,HW
2022-04-24 14:00:00,23.5833,14.0,11.666666666666666,37.0,3.5496636,3.3,7.0,1.49,1.73,2.18,HW
2022-04-24 15:00:00,23.625,15.0,12.222222222222221,35.0,3.6525524,3.4,3.0,1.48,1.75,2.01,HW
2022-04-24 16:00:00,23.6667,16.0,12.777777777777779,33.0,3.2924416,2.3,8.0,0.52,0.36,0.64,HW
2022-04-24 17:00:00,23.7083,17.0,12.777777777777779,31.0,3.4982192,2.9,9.0,0.92,0.55,1.05,HW
2022-04-24 18:00:00,23.75,18.0,11.666666666666666,35.0,4.2184408,2.5,5.0,0.69,0.38,0.72,HW
2022-04-24 19:00:00,23.7917,19.0,12.222222222222221,33.0,2.314998,2.2,4.0,0.52,0.2,0.46,HW
2022-04-24 20:00:00,23.8333,20.0,12.222222222222221,31.0,1.8519984,6.1,7.0,7.01,5.65,6.51,HW
2022-04-24 21:00:00,23.875,21.0,10.555555555555555,37.0,1.028888,5.3,13.0,3.56,2.27,2.91,HW
2022-04-24 22:00:00,23.9167,22.0,8.333333333333334,44.0,1.28611,4.2,4.0,2.87,2.03,2.62,HW
2022-04-24 23:00:00,23.9583,23.0,7.222222222222222,48.0,1.1832212,2.2,1.0,0.88,0.23,0.6,HW
2022-04-25 00:00:00,24.0,0.0,6.666666666666667,50.0,1.4918876,2.0,4.0,0.7,0.1,0.43,HW
2022-04-25 01:00:00,24.0417,1.0,6.666666666666667,49.0,1.5947764,2.9,1.0,1.44,0.41,0.86,HW
2022-04-25 02:00:00,24.0833,2.0,6.111111111111111,50.0,1.1317768000000001,3.9,8.0,2.06,0.62,1.17,HW
2022-04-25 03:00:00,24.125,3.0,5.0,56.0,1.28611,4.1,9.0,2.12,0.66,1.31,HW
2022-04-25 04:00:00,24.1667,4.0,3.888888888888889,61.0,0.8231104,2.2,3.0,0.95,0.26,0.71,HW
2022-04-25 05:00:00,24.2083,5.0,4.444444444444445,55.0,1.4918876,7.4,9.0,4.24,1.52,2.33,HW
2022-04-25 06:00:00,24.25,6.0,3.888888888888889,60.0,1.2346656,4.9,23.0,2.89,1.28,2.02,HW
2022-04-25 07:00:00,24.2917,7.0,3.3333333333333335,58.0,1.4918876,4.8,6.0,3.52,1.55,2.42,HW
2022-04-25 08:00:00,24.3333,8.0,5.0,52.0,1.9548872,4.7,14.0,3.07,1.59,2.5,HW
2022-04-25 09:00:00,24.375,9.0,6.666666666666667,46.0,2.2635536000000003,4.2,5.0,2.6,1.65,2.46,HW
2022-04-25 10:00:00,24.4167,10.0,9.444444444444445,38.0,1.543332,2.9,2.0,1.29,0.65,1.17,HW
2022-04-25 11:00:00,24.4583,11.0,11.666666666666666,29.0,1.7491096,3.7,6.0,1.93,1.37,1.84,HW
2022-04-25 12:00:00,24.5,12.0,13.333333333333334,24.0,2.1092204,4.1,3.0,2.46,1.88,2.2,HW
2022-04-25 13:00:00,24.5417,13.0,14.444444444444445,21.0,2.057776,3.9,7.0,2.29,1.71,1.94,HW
2022-04-25 14:00:00,24.5833,14.0,15.555555555555555,18.0,1.8519984,4.3,6.0,2.36,2.04,2.38,HW
2022-04-25 15:00:00,24.625,15.0,16.11111111111111,17.0,1.6976651999999999,4.4,8.0,2.76,1.98,2.33,HW
2022-04-25 16:00:00,24.6667,16.0,16.666666666666668,16.0,1.9034428,4.7,14.0,3.06,2.25,2.66,HW
2022-04-25 17:00:00,24.7083,17.0,17.22222222222222,15.0,1.8519984,4.7,4.0,3.0,2.25,2.71,HW
2022-04-25 18:00:00,24.75,18.0,18.333333333333332,14.0,1.800554,4.6,8.0,2.51,1.23,1.6,HW
2022-04-25 19:00:00,24.7917,19.0,18.333333333333332,11.0,2.5207756000000003,5.2,10.0,2.9,1.85,2.43,HW
2022-04-25 20:00:00,24.8333,20.0,17.77777777777778,13.0,1.8519984,6.2,14.0,3.56,2.44,3.28,HW
2022-04-25 21:00:00,24.875,21.0,16.11111111111111,18.0,1.1832212,5.8,18.0,3.93,2.27,2.96,HW
2022-04-25 22:00:00,24.9167,22.0,13.88888888888889,23.0,1.4918876,5.5,11.0,3.67,2.14,2.9,HW
2022-04-25 23:00:00,24.9583,23.0,12.222222222222221,25.0,0.8231104,6.1,8.0,4.6,2.54,3.52,HW
2022-04-26 00:00:00,25.0,0.0,11.666666666666666,28.0,1.7491096,7.3,11.0,5.97,3.51,4.7,HW
2022-04-26 01:00:00,25.0417,1.0,10.555555555555555,31.0,2.057776,7.0,14.0,5.02,2.37,3.55,HW
2022-04-26 02:00:00,25.0833,2.0,11.666666666666666,27.0,1.8519984,7.2,12.0,5.41,2.52,3.4,HW
2022-04-26 03:00:00,25.125,3.0,10.555555555555555,28.0,1.8519984,7.6,19.0,5.78,2.53,3.69,HW
2022-04-26 04:00:00,25.1667,4.0,10.0,30.0,2.0063316,7.2,11.0,5.21,2.41,3.35,HW
2022-04-26 05:00:00,25.2083,5.0,10.555555555555555,28.0,1.800554,8.0,23.0,6.59,2.97,4.09,HW
2022-04-26 06:00:00,25.25,6.0,8.333333333333334,37.0,1.543332,8.7,21.0,6.86,2.93,3.97,HW
2022-04-26 07:00:00,25.2917,7.0,8.333333333333334,36.0,1.7491096,8.6,25.0,6.69,2.79,4.12,HW
2022-04-26 08:00:00,25.3333,8.0,11.11111111111111,30.0,2.0063316,7.1,21.0,5.3,2.28,3.19,HW
2022-04-26 09:00:00,25.375,9.0,12.777777777777779,28.0,2.4693312,7.7,23.0,6.03,2.99,3.85,HW
2022-04-26 10:00:00,25.4167,10.0,13.333333333333334,28.0,1.7491096,7.7,41.0,6.05,2.29,3.37,HW
2022-04-26 11:00:00,25.4583,11.0,14.444444444444445,27.0,2.6236644,8.6,40.0,6.57,3.58,4.17,HW
2022-04-26 12:00:00,25.5,12.0,16.11111111111111,25.0,1.6462208,9.6,38.0,7.07,3.57,4.46,HW
2022-04-26 13:00:00,25.5417,13.0,18.88888888888889,17.0,2.7265532,10.1,36.0,8.11,3.23,3.8,HW
2022-04-26 14:00:00,25.5833,14.0,21.11111111111111,11.0,4.9901067999999995,10.1,31.0,9.85,3.63,4.39,HW
2022-04-26 15:00:00,25.625,15.0,21.666666666666668,11.0,4.887218,10.4,34.0,9.92,4.57,5.6,HW
2022-04-26 16:00:00,25.6667,16.0,22.22222222222222,10.0,3.6525524,10.8,37.0,7.5,5.02,6.15,HW
2022-04-26 17:00:00,25.7083,17.0,21.666666666666668,11.0,3.2409972,10.3,35.0,7.89,4.72,5.73,HW
2022-04-26 18:00:00,25.75,18.0,21.11111111111111,13.0,2.6236644,11.8,27.0,8.66,5.18,6.39,HW
2022-04-26 19:00:00,25.7917,19.0,22.77777777777778,11.0,1.9034428,12.2,26.0,8.9,5.68,6.67,HW
2022-04-26 20:00:00,25.8333,20.0,20.555555555555557,13.0,2.1606648,11.6,25.0,9.45,5.62,6.53,HW
2022-04-26 21:00:00,25.875,21.0,18.88888888888889,16.0,1.9548872,11.7,24.0,9.84,5.66,6.78,HW
2022-04-26 22:00:00,25.9167,22.0,17.77777777777778,18.0,1.0803324,11.6,31.0,10.19,5.81,6.98,HW
2022-04-26 23:00:00,25.9583,23.0,16.11111111111111,21.0,1.028888,10.6,29.0,9.71,5.21,6.72,HW
2022-04-27 00:00:00,26.0,0.0,13.88888888888889,27.0,0.7202216,8.9,22.0,7.59,4.03,5.5,HW
2022-04-27 01:00:00,26.0417,1.0,13.333333333333334,27.0,0.8231104,8.0,13.0,6.97,3.11,4.08,HW
2022-04-27 02:00:00,26.0833,2.0,12.777777777777779,29.0,1.2346656,7.9,9.0,6.56,2.9,3.91,HW
2022-04-27 03:00:00,26.125,3.0,12.222222222222221,32.0,1.28611,9.4,18.0,7.8,3.71,4.94,HW
2022-04-27 04:00:00,26.1667,4.0,12.222222222222221,32.0,1.4404432,9.1,18.0,7.32,3.92,4.89,HW
2022-04-27 05:00:00,26.2083,5.0,10.555555555555555,41.0,0.8231104,10.9,18.0,9.86,5.19,6.46,HW
2022-04-27 06:00:00,26.25,6.0,10.555555555555555,42.0,0.9259992,11.6,24.0,10.31,5.7,7.23,HW
2022-04-27 07:00:00,26.2917,7.0,10.0,44.0,0.6687772000000001,13.1,37.0,12.19,7.05,8.6,HW
2022-04-27 08:00:00,26.3333,8.0,10.555555555555555,45.0,0.771666,14.9,41.0,13.86,8.76,9.87,HW
2022-04-27 09:00:00,26.375,9.0,12.777777777777779,39.0,0.9259992,13.2,36.0,11.71,6.02,7.66,HW
2022-04-27 10:00:00,26.4167,10.0,14.444444444444445,34.0,1.9034428,15.9,40.0,13.55,9.97,11.07,HW
2022-04-27 11:00:00,26.4583,11.0,16.666666666666668,30.0,1.7491096,16.9,50.0,14.06,10.38,11.17,HW
2022-04-27 12:00:00,26.5,12.0,19.444444444444443,23.0,0.8231104,14.4,42.0,10.15,7.3,7.96,HW
2022-04-27 13:00:00,26.5417,13.0,21.11111111111111,18.0,1.800554,13.8,43.0,9.5,6.57,7.82,HW
2022-04-27 14:00:00,26.5833,14.0,21.666666666666668,20.0,2.57222,12.9,48.0,9.11,6.48,7.43,HW
2022-04-27 15:00:00,26.625,15.0,22.22222222222222,20.0,2.314998,12.2,36.0,8.55,6.21,6.95,HW
2022-04-27 16:00:00,26.6667,16.0,22.77777777777778,19.0,3.1381083999999997,10.9,41.0,7.43,5.53,6.6,HW
2022-04-27 17:00:00,26.7083,17.0,22.77777777777778,19.0,3.601108,10.7,46.0,7.39,4.93,6.04,HW
2022-04-27 18:00:00,26.75,18.0,21.666666666666668,20.0,4.115552,10.0,50.0,6.81,4.62,5.36,HW
2022-04-27 19:00:00,26.7917,19.0,20.555555555555557,22.0,2.8808864,10.5,31.0,7.04,4.73,5.41,HW
2022-04-27 20:00:00,26.8333,20.0,19.444444444444443,24.0,2.2121092,11.0,39.0,7.05,4.22,5.1,HW
2022-04-27 21:00:00,26.875,21.0,18.333333333333332,28.0,2.6751088000000003,9.6,31.0,7.39,4.58,5.31,HW
2022-04-27 22:00:00,26.9167,22.0,18.333333333333332,28.0,0.7202216,9.8,29.0,7.28,4.84,5.73,HW
2022-04-27 23:00:00,26.9583,23.0,17.77777777777778,32.0,1.7491096,9.6,27.0,7.1,4.3,5.04,HW
2022-04-28 00:00:00,27.0,0.0,16.666666666666668,36.0,1.1832212,8.8,21.0,6.81,3.78,4.87,HW
2022-04-28 01:00:00,27.0417,1.0,15.555555555555555,40.0,2.7265532,9.4,24.0,7.99,4.99,6.3,HW
2022-04-28 02:00:00,27.0833,2.0,13.333333333333334,56.0,1.3889988000000002,10.7,27.0,10.3,6.27,8.0,HW
2022-04-28 03:00:00,27.125,3.0,11.666666666666666,61.0,0.8231104,11.5,15.0,11.27,7.56,8.84,HW
2022-04-28 04:00:00,27.1667,4.0,10.0,67.0,0.6173328,11.9,24.0,11.93,7.94,9.55,HW
2022-04-28 05:00:00,27.2083,5.0,9.444444444444445,70.0,0.9259992,12.5,20.0,13.98,9.23,11.29,HW
2022-04-28 06:00:00,27.25,6.0,8.333333333333334,73.0,0.6687772000000001,13.1,27.0,14.89,9.63,11.85,HW
2022-04-28 07:00:00,27.2917,7.0,7.777777777777778,73.0,0.514444,14.6,35.0,16.64,11.02,13.39,HW
2022-04-28 08:00:00,27.3333,8.0,8.88888888888889,68.0,0.8231104,14.4,32.0,15.63,10.04,11.74,HW
2022-04-28 09:00:00,27.375,9.0,11.11111111111111,59.0,1.5947764,13.4,33.0,13.34,7.68,9.58,HW
2022-04-28 10:00:00,27.4167,10.0,13.333333333333334,50.0,1.8519984,12.4,36.0,10.53,4.36,6.04,HW
2022-04-28 11:00:00,27.4583,11.0,15.555555555555555,40.0,2.57222,11.1,40.0,8.07,3.23,4.3,HW
2022-04-28 12:00:00,27.5,12.0,13.333333333333334,18.0,,10.2,34.0,7.5,2.85,3.51,HW
2022-04-28 13:00:00,27.5417,13.0,20.0,17.0,4.7328848,9.8,27.0,6.83,2.88,3.56,HW
2022-04-28 14:00:00,27.5833,14.0,20.555555555555557,16.0,4.7328848,10.6,36.0,7.88,4.57,5.37,HW
2022-04-28 15:00:00,27.625,15.0,21.11111111111111,21.0,3.9097744,10.8,42.0,7.35,5.95,6.92,HW
2022-04-28 16:00:00,27.6667,16.0,20.0,26.0,4.4242184,10.3,40.0,8.02,4.96,5.87,HW
2022-04-28 17:00:00,27.7083,17.0,20.555555555555557,21.0,3.85833,12.0,54.0,8.31,5.06,5.91,HW
2022-04-28 18:00:00,27.75,18.0,20.555555555555557,19.0,3.85833,8.7,65.0,6.87,4.85,5.79,HW
2022-04-28 19:00:00,27.7917,19.0,17.77777777777778,28.0,4.0126632,8.4,23.0,7.13,4.71,5.25,HW
2022-04-28 20:00:00,27.8333,20.0,18.333333333333332,27.0,2.2635536000000003,9.0,24.0,8.0,5.19,6.13,HW
2022-04-28 21:00:00,27.875,21.0,17.22222222222222,28.0,1.4918876,10.0,26.0,8.01,5.32,6.56,HW
2022-04-28 22:00:00,27.9167,22.0,16.666666666666668,29.0,3.7039968,15.0,115.0,11.64,6.38,8.03,HW
2022-04-28 23:00:00,27.9583,23.0,12.777777777777779,44.0,5.14444,13.4,128.0,11.19,6.46,8.02,HW
2022-04-29 00:00:00,28.0,0.0,11.11111111111111,45.0,2.3664424,9.8,49.0,8.75,5.36,6.47,HW
2022-04-29 01:00:00,28.0417,1.0,10.555555555555555,46.0,2.8808864,9.9,35.0,8.73,4.96,6.28,HW
2022-04-29 02:00:00,28.0833,2.0,10.0,45.0,2.2121092,5.0,24.0,3.17,1.8,2.75,HW
2022-04-29 03:00:00,28.125,3.0,8.88888888888889,44.0,4.4242184,4.5,15.0,2.8,1.51,2.47,HW
2022-04-29 04:00:00,28.1667,4.0,7.777777777777778,45.0,3.4467748,5.4,10.0,3.13,2.1,3.02,HW
2022-04-29 05:00:00,28.2083,5.0,7.222222222222222,43.0,4.372774,4.7,11.0,2.85,1.5,2.42,HW
2022-04-29 06:00:00,28.25,6.0,6.666666666666667,45.0,3.2409972,3.9,9.0,2.27,1.21,2.01,HW
2022-04-29 07:00:00,28.2917,7.0,6.666666666666667,45.0,3.7039968,4.0,7.0,2.76,1.46,2.04,HW
2022-04-29 08:00:00,28.3333,8.0,6.666666666666667,45.0,2.8294420000000002,4.3,12.0,2.9,1.69,2.61,HW
2022-04-29 09:00:00,28.375,9.0,6.666666666666667,45.0,2.8808864,4.7,2.0,2.47,1.59,2.29,HW
2022-04-29 10:00:00,28.4167,10.0,7.777777777777778,40.0,4.5785516,4.8,10.0,2.69,1.64,2.42,HW
2022-04-29 11:00:00,28.4583,11.0,8.333333333333334,39.0,4.4242184,5.8,5.0,3.39,2.43,3.23,HW
2022-04-29 12:00:00,28.5,12.0,9.444444444444445,34.0,4.887218,6.0,5.0,3.85,2.62,3.64,HW
2022-04-29 13:00:00,28.5417,13.0,9.444444444444445,32.0,4.1669963999999995,5.8,12.0,3.61,2.54,3.48,HW
2022-04-29 14:00:00,28.5833,14.0,10.555555555555555,27.0,3.5496636,5.2,7.0,2.85,2.29,3.0,HW
2022-04-29 15:00:00,28.625,15.0,11.666666666666666,24.0,4.0126632,5.2,10.0,2.9,2.31,3.08,HW
2022-04-29 16:00:00,28.6667,16.0,12.222222222222221,21.0,3.9097744,4.8,4.0,2.94,2.37,3.12,HW
2022-04-29 17:00:00,28.7083,17.0,12.222222222222221,19.0,3.85833,4.6,10.0,3.2,2.31,3.02,HW
2022-04-29 18:00:00,28.75,18.0,13.333333333333334,18.0,3.086664,4.8,8.0,3.3,2.44,3.17,HW
2022-04-29 19:00:00,28.7917,19.0,13.333333333333334,17.0,2.57222,5.0,15.0,3.74,2.38,3.1,HW
2022-04-29 20:00:00,28.8333,20.0,13.333333333333334,17.0,1.8519984,8.1,16.0,8.61,5.94,7.1,HW
2022-04-29 21:00:00,28.875,21.0,11.666666666666666,19.0,0.9259992,5.7,15.0,5.92,3.57,4.52,HW
2022-04-29 22:00:00,28.9167,22.0,8.88888888888889,27.0,1.6462208,4.8,10.0,4.65,2.26,3.43,HW
2022-04-29 23:00:00,28.9583,23.0,7.777777777777778,29.0,2.2635536000000003,4.4,2.0,3.84,1.88,2.96,HW
2022-04-30 00:00:00,29.0,0.0,7.777777777777778,29.0,2.2121092,4.3,5.0,3.81,1.77,2.66,HW
2022-04-30 01:00:00,29.0417,1.0,7.777777777777778,28.0,2.5207756000000003,4.2,2.0,3.69,1.51,2.46,HW
2022-04-30 02:00:00,29.0833,2.0,7.222222222222222,28.0,1.800554,4.9,6.0,4.6,2.05,2.97,HW
2022-04-30 03:00:00,29.125,3.0,6.666666666666667,32.0,1.6976651999999999,5.6,6.0,5.68,1.88,3.15,HW
2022-04-30 04:00:00,29.1667,4.0,6.666666666666667,32.0,2.2635536000000003,6.2,8.0,5.87,2.85,4.26,HW
2022-04-30 05:00:00,29.2083,5.0,6.111111111111111,34.0,1.3375544000000001,6.9,8.0,6.31,3.28,4.62,HW
2022-04-30 06:00:00,29.25,6.0,5.0,39.0,1.0803324,8.5,17.0,7.87,3.72,5.49,HW
2022-04-30 07:00:00,29.2917,7.0,3.3333333333333335,48.0,1.4918876,8.5,15.0,8.7,4.68,6.43,HW
2022-04-30 08:00:00,29.3333,8.0,5.0,43.0,1.0803324,8.2,14.0,7.49,4.35,5.37,HW
2022-04-30 09:00:00,29.375,9.0,8.333333333333334,34.0,1.28611,6.4,6.0,4.82,3.08,4.0,HW
2022-04-30 10:00:00,29.4167,10.0,11.11111111111111,25.0,1.1832212,5.7,6.0,4.53,2.86,3.42,HW
2022-04-30 11:00:00,29.4583,11.0,13.333333333333334,20.0,1.3889988000000002,6.2,14.0,5.17,3.39,3.85,HW
2022-04-30 12:00:00,29.5,12.0,15.0,19.0,1.8519984,6.3,9.0,5.61,3.52,4.2,HW
2022-04-30 13:00:00,29.5417,13.0,16.11111111111111,18.0,1.6976651999999999,6.0,9.0,4.6,2.98,3.38,HW
2022-04-30 14:00:00,29.5833,14.0,17.77777777777778,16.0,1.543332,5.3,13.0,4.26,2.33,2.72,HW
2022-04-30 15:00:00,29.625,15.0,18.88888888888889,15.0,1.9548872,5.6,13.0,4.93,3.29,3.68,HW
2022-04-30 16:00:00,29.6667,16.0,18.88888888888889,15.0,2.1606648,4.7,15.0,3.9,2.74,3.2,HW
2022-04-30 17:00:00,29.7083,17.0,18.333333333333332,16.0,1.543332,5.1,14.0,4.78,3.29,3.64,HW
2022-04-30 18:00:00,29.75,18.0,18.333333333333332,16.0,1.0803324,5.3,12.0,4.57,3.12,3.45,HW
2022-04-30 19:00:00,29.7917,19.0,18.88888888888889,16.0,0.8745548,5.9,17.0,5.45,3.68,4.29,HW
2022-04-30 20:00:00,29.8333,20.0,18.333333333333332,18.0,0.8745548,5.0,18.0,4.71,2.93,3.7,HW
2022-04-30 21:00:00,29.875,21.0,17.22222222222222,20.0,1.2346656,8.1,20.0,8.73,6.68,8.02,HW
2022-04-30 22:00:00,29.9167,22.0,15.555555555555555,29.0,2.314998,7.3,30.0,7.48,5.38,6.49,HW
2022-04-30 23:00:00,29.9583,23.0,14.444444444444445,29.0,1.543332,7.6,22.0,8.67,6.1,7.34,HW
